timestamp,tick (Âµs),input,delta (time input was stable)
Thu Jan  9 13:30:12 2020,807490285,0,
Thu Jan  9 13:30:12 2020,807490450,1,165
Thu Jan  9 13:30:12 2020,807490765,0,315
Thu Jan  9 13:30:13 2020,808598338,1,1107573
Thu Jan  9 13:30:13 2020,808598682,0,344
Thu Jan  9 13:30:13 2020,808598818,1,136
Thu Jan  9 14:19:10 2020,3745385630,0,2936786812
Thu Jan  9 14:19:10 2020,3745385740,1,110
Thu Jan  9 14:19:10 2020,3745386170,0,430
Thu Jan  9 14:19:10 2020,3745386375,1,205
Thu Jan  9 14:19:10 2020,3745386545,0,170
Thu Jan  9 14:19:11 2020,3746347358,1,960813
Thu Jan  9 14:19:11 2020,3746347403,0,45
Thu Jan  9 14:19:11 2020,3746347649,1,246
Thu Jan  9 14:19:11 2020,3746347768,0,119
Thu Jan  9 14:19:11 2020,3746347918,1,150
Thu Jan  9 14:19:11 2020,3746348708,0,790
Thu Jan  9 14:19:11 2020,3746348838,1,130
Thu Jan  9 14:50:06 2020,1306814898,0,2439533940
Thu Jan  9 14:50:06 2020,1306815013,1,115
Thu Jan  9 14:50:06 2020,1306815438,0,425
Thu Jan  9 14:50:06 2020,1306815633,1,195
Thu Jan  9 14:50:06 2020,1306815823,0,190
Thu Jan  9 14:50:07 2020,1307885760,1,1069937
Thu Jan  9 14:52:01 2020,1421197117,0,113311357
Thu Jan  9 14:52:01 2020,1421197227,1,110
Thu Jan  9 14:52:01 2020,1421197722,0,495
Thu Jan  9 14:52:01 2020,1421197797,1,75
Thu Jan  9 14:52:01 2020,1421197832,0,35
Thu Jan  9 14:52:01 2020,1421197887,1,55
Thu Jan  9 14:52:01 2020,1421197972,0,85
Thu Jan  9 14:52:01 2020,1421198007,1,35
Thu Jan  9 14:52:01 2020,1421198142,0,135
Thu Jan  9 14:52:02 2020,1422321910,1,1123768
Thu Jan  9 14:52:02 2020,1422322020,0,110
Thu Jan  9 14:52:02 2020,1422322360,1,340
Thu Jan  9 14:52:02 2020,1422322575,0,215
Thu Jan  9 14:52:02 2020,1422322750,1,175
Thu Jan  9 16:46:59 2020,4024793481,0,2602470731
Thu Jan  9 16:46:59 2020,4024793586,1,105
Thu Jan  9 16:46:59 2020,4024794037,0,451
Thu Jan  9 16:46:59 2020,4024794216,1,179
Thu Jan  9 16:46:59 2020,4024794431,0,215
Thu Jan  9 16:47:00 2020,4025726338,1,931907
Thu Jan  9 16:47:00 2020,4025727153,0,815
Thu Jan  9 16:47:00 2020,4025727378,1,225
Thu Jan  9 16:55:47 2020,257764001,0,3767963377
Thu Jan  9 16:55:47 2020,257764106,1,105
Thu Jan  9 16:55:47 2020,257764601,0,495
Thu Jan  9 16:55:47 2020,257764746,1,145
Thu Jan  9 16:55:47 2020,257764931,0,185
Thu Jan  9 16:55:48 2020,258839439,1,1074508
Thu Jan  9 16:55:48 2020,258839589,0,150
Thu Jan  9 16:55:48 2020,258839959,1,370
Thu Jan  9 16:55:48 2020,258840124,0,165
Thu Jan  9 16:55:48 2020,258840369,1,245
Thu Jan  9 19:17:00 2020,140966509,0,117873860
Thu Jan  9 19:17:00 2020,140966614,1,105
Thu Jan  9 19:17:00 2020,140966969,0,355
Thu Jan  9 19:17:00 2020,140967054,1,85
Thu Jan  9 19:17:00 2020,140967209,0,155
Thu Jan  9 19:17:00 2020,140967244,1,35
Thu Jan  9 19:17:00 2020,140967404,0,160
Thu Jan  9 19:17:00 2020,140967649,1,245
Thu Jan  9 19:17:00 2020,140967704,0,55
Thu Jan  9 19:17:01 2020,142015832,1,1048128
Thu Jan  9 19:17:01 2020,142015936,0,104
Thu Jan  9 19:17:01 2020,142015981,1,45
Thu Jan  9 19:17:01 2020,142016326,0,345
Thu Jan  9 19:17:01 2020,142016481,1,155
Thu Jan  9 19:17:01 2020,142016622,0,141
Thu Jan  9 19:17:01 2020,142016676,1,54
Fri Jan 10 13:12:53 2020,269505538,0,127488862
Fri Jan 10 13:12:53 2020,269505703,1,165
Fri Jan 10 13:12:53 2020,269506038,0,335
Fri Jan 10 13:12:54 2020,270598696,1,1092658
Fri Jan 10 13:12:54 2020,270599137,0,441
Fri Jan 10 13:12:54 2020,270599271,1,134
Fri Jan 10 13:52:10 2020,2626676814,0,2356077543
Fri Jan 10 13:52:10 2020,2626676924,1,110
Fri Jan 10 13:52:10 2020,2626677404,0,480
Fri Jan 10 13:52:10 2020,2626677459,1,55
Fri Jan 10 13:52:10 2020,2626677609,0,150
Fri Jan 10 13:52:10 2020,2626677754,1,145
Fri Jan 10 13:52:10 2020,2626677799,0,45
Fri Jan 10 13:52:11 2020,2627772961,1,1095162
Fri Jan 10 13:52:11 2020,2627773072,0,111
Fri Jan 10 13:52:11 2020,2627773227,1,155
Fri Jan 10 13:52:11 2020,2627773406,0,179
Fri Jan 10 13:52:11 2020,2627773496,1,90
Fri Jan 10 15:15:04 2020,3305884927,0,678111431
Fri Jan 10 15:15:04 2020,3305885032,1,105
Fri Jan 10 15:15:04 2020,3305885458,0,426
Fri Jan 10 15:15:04 2020,3305885497,1,39
Fri Jan 10 15:15:04 2020,3305885537,0,40
Fri Jan 10 15:15:04 2020,3305885627,1,90
Fri Jan 10 15:15:04 2020,3305885812,0,185
Fri Jan 10 15:15:05 2020,3306916205,1,1030393
Fri Jan 10 15:15:05 2020,3306916250,0,45
Fri Jan 10 15:15:05 2020,3306916590,1,340
Fri Jan 10 15:15:05 2020,3306916855,0,265
Fri Jan 10 15:15:05 2020,3306916925,1,70
Fri Jan 10 16:07:42 2020,2169217404,0,1137699521
Fri Jan 10 16:07:42 2020,2169217514,1,110
Fri Jan 10 16:07:42 2020,2169218014,0,500
Fri Jan 10 16:07:42 2020,2169218154,1,140
Fri Jan 10 16:07:42 2020,2169218364,0,210
Fri Jan 10 16:07:43 2020,2170230742,1,1012378
Fri Jan 10 16:07:43 2020,2170231097,0,355
Fri Jan 10 16:07:43 2020,2170231287,1,190
Fri Jan 10 16:07:43 2020,2170231532,0,245
Fri Jan 10 16:07:43 2020,2170231742,1,210
Fri Jan 10 18:13:34 2020,1131022845,0,1039208897
Fri Jan 10 18:13:34 2020,1131022950,1,105
Fri Jan 10 18:13:34 2020,1131023330,0,380
Fri Jan 10 18:13:34 2020,1131023390,1,60
Fri Jan 10 18:13:34 2020,1131023430,0,40
Fri Jan 10 18:13:34 2020,1131023600,1,170
Fri Jan 10 18:13:34 2020,1131023740,0,140
Fri Jan 10 18:13:35 2020,1132092303,1,1068563
Fri Jan 10 18:13:35 2020,1132092478,0,175
Fri Jan 10 18:13:35 2020,1132093468,1,990
Fri Jan 10 18:13:35 2020,1132093773,0,305
Fri Jan 10 18:13:35 2020,1132093828,1,55
Fri Jan 10 18:13:35 2020,1132093873,0,45
Fri Jan 10 18:13:35 2020,1132093958,1,85
Mon Jan 13 13:50:20 2020,4020875467,0,2888781509
Mon Jan 13 13:50:20 2020,4020875582,1,115
Mon Jan 13 13:50:20 2020,4020875867,0,285
Mon Jan 13 13:50:21 2020,4021907194,1,1031327
Mon Jan 13 13:50:21 2020,4021907314,0,120
Mon Jan 13 13:50:21 2020,4021907614,1,300
Mon Jan 13 14:02:06 2020,432056848,0,3589850766
Mon Jan 13 14:02:06 2020,432056883,1,35
Mon Jan 13 14:02:06 2020,432056998,0,115
Mon Jan 13 14:02:07 2020,433054495,1,997497
Mon Jan 13 14:02:07 2020,433054650,0,155
Mon Jan 13 14:02:07 2020,433054790,1,140
Mon Jan 13 15:34:31 2020,1682123581,0,1249068791
Mon Jan 13 15:34:31 2020,1682123677,1,96
Mon Jan 13 15:34:31 2020,1682123747,0,70
Mon Jan 13 15:34:32 2020,1683238638,1,1114891
Mon Jan 13 15:34:32 2020,1683238913,0,275
Mon Jan 13 15:34:32 2020,1683238963,1,50
Mon Jan 13 15:34:32 2020,1683238998,0,35
Mon Jan 13 15:34:32 2020,1683239093,1,95
Mon Jan 13 15:34:32 2020,1683239303,0,210
Mon Jan 13 15:34:32 2020,1683239353,1,50
Mon Jan 13 15:34:32 2020,1683239413,0,60
Mon Jan 13 15:34:32 2020,1683239548,1,135
Mon Jan 13 15:55:40 2020,2951778749,0,1268539201
Mon Jan 13 15:55:40 2020,2951778854,1,105
Mon Jan 13 15:55:40 2020,2951779349,0,495
Mon Jan 13 15:55:40 2020,2951779504,1,155
Mon Jan 13 15:55:40 2020,2951779644,0,140
Mon Jan 13 15:55:40 2020,2951779689,1,45
Mon Jan 13 15:55:40 2020,2951779729,0,40
Mon Jan 13 15:55:42 2020,2952870582,1,1090853
Mon Jan 13 15:55:42 2020,2952870882,0,300
Mon Jan 13 15:55:42 2020,2952871057,1,175
Mon Jan 13 15:55:42 2020,2952871487,0,430
Mon Jan 13 15:55:42 2020,2952871622,1,135
Mon Jan 13 16:13:16 2020,4006845005,0,1053973383
Mon Jan 13 16:13:16 2020,4006845115,1,110
Mon Jan 13 16:13:16 2020,4006845605,0,490
Mon Jan 13 16:13:16 2020,4006845770,1,165
Mon Jan 13 16:13:16 2020,4006845865,0,95
Mon Jan 13 16:13:17 2020,4007857837,1,1011972
Mon Jan 13 16:13:17 2020,4007858102,0,265
Mon Jan 13 16:13:17 2020,4007858232,1,130
Mon Jan 13 16:13:17 2020,4007858282,0,50
Mon Jan 13 16:13:17 2020,4007858968,1,686
Mon Jan 13 16:14:39 2020,4090463856,0,82604888
Mon Jan 13 16:14:39 2020,4090463956,1,100
Mon Jan 13 16:14:39 2020,4090464271,0,315
Mon Jan 13 16:14:39 2020,4090464397,1,126
Mon Jan 13 16:14:39 2020,4090464516,0,119
Mon Jan 13 16:14:40 2020,4091485979,1,1021463
Mon Jan 13 16:16:33 2020,4204093634,0,112607655
Mon Jan 13 16:16:33 2020,4204093739,1,105
Mon Jan 13 16:16:33 2020,4204094099,0,360
Mon Jan 13 16:16:33 2020,4204094494,1,395
Mon Jan 13 16:16:33 2020,4204094559,0,65
Mon Jan 13 16:16:34 2020,4205159762,1,1065203
Mon Jan 13 18:31:06 2020,3687813446,0,517346316
Mon Jan 13 18:31:06 2020,3687813551,1,105
Mon Jan 13 18:31:06 2020,3687814061,0,510
Mon Jan 13 18:31:06 2020,3687814111,1,50
Mon Jan 13 18:31:06 2020,3687814161,0,50
Mon Jan 13 18:31:06 2020,3687814206,1,45
Mon Jan 13 18:31:06 2020,3687814306,0,100
Mon Jan 13 18:31:07 2020,3688834903,1,1020597
Mon Jan 13 18:31:07 2020,3688835293,0,390
Mon Jan 13 18:31:07 2020,3688835423,1,130
Mon Jan 13 18:31:07 2020,3688835698,0,275
Mon Jan 13 18:31:07 2020,3688835978,1,280
Mon Jan 13 19:23:53 2020,2559108828,0,1129727150
Mon Jan 13 19:23:53 2020,2559108933,1,105
Mon Jan 13 19:23:53 2020,2559109338,0,405
Mon Jan 13 19:23:53 2020,2559109378,1,40
Mon Jan 13 19:23:53 2020,2559109443,0,65
Mon Jan 13 19:23:53 2020,2559109488,1,45
Mon Jan 13 19:23:53 2020,2559109723,0,235
Mon Jan 13 19:23:53 2020,2559109763,1,40
Mon Jan 13 19:23:53 2020,2559109843,0,80
Mon Jan 13 19:23:54 2020,2560090281,1,980438
Mon Jan 13 19:23:54 2020,2560090481,0,200
Mon Jan 13 19:23:54 2020,2560090746,1,265
Mon Jan 13 19:23:54 2020,2560091291,0,545
Mon Jan 13 19:23:54 2020,2560091336,1,45
Tue Jan 14 13:46:19 2020,4281739767,0,1721648431
Tue Jan 14 13:46:19 2020,4281739932,1,165
Tue Jan 14 13:46:19 2020,4281740287,0,355
Tue Jan 14 13:46:20 2020,4282670839,1,930552
Tue Jan 14 13:46:20 2020,4282671009,0,170
Tue Jan 14 13:46:20 2020,4282671204,1,195
Tue Jan 14 16:08:07 2020,4200267709,0,82403495
Tue Jan 14 16:08:07 2020,4200267819,1,110
Tue Jan 14 16:08:07 2020,4200268229,0,410
Tue Jan 14 16:08:07 2020,4200268399,1,170
Tue Jan 14 16:08:07 2020,4200268559,0,160
Tue Jan 14 16:08:07 2020,4200268604,1,45
Tue Jan 14 16:08:07 2020,4200268674,0,70
Tue Jan 14 16:08:08 2020,4201271746,1,1003072
Tue Jan 14 16:08:08 2020,4201271961,0,215
Tue Jan 14 16:08:08 2020,4201272116,1,155
Tue Jan 14 16:08:08 2020,4201272151,0,35
Tue Jan 14 16:08:08 2020,4201272471,1,320
Tue Jan 14 16:08:08 2020,4201272572,0,101
Tue Jan 14 16:08:08 2020,4201272881,1,309
Tue Jan 14 16:33:50 2020,1447948872,0,2753324009
Tue Jan 14 16:33:50 2020,1447948982,1,110
Tue Jan 14 16:33:50 2020,1447949397,0,415
Tue Jan 14 16:33:50 2020,1447949573,1,176
Tue Jan 14 16:33:50 2020,1447949852,0,279
Tue Jan 14 16:33:51 2020,1449002775,1,1052923
Tue Jan 14 16:33:51 2020,1449003750,0,975
Tue Jan 14 16:33:51 2020,1449003915,1,165
Tue Jan 14 16:34:51 2020,1508416765,0,59412850
Tue Jan 14 16:34:51 2020,1508416850,1,85
Tue Jan 14 16:34:51 2020,1508417185,0,335
Tue Jan 14 16:34:51 2020,1508417315,1,130
Tue Jan 14 16:34:51 2020,1508417465,0,150
Tue Jan 14 16:34:51 2020,1508417585,1,120
Tue Jan 14 16:34:51 2020,1508417630,0,45
Tue Jan 14 16:34:52 2020,1509393358,1,975728
Tue Jan 14 16:34:52 2020,1509393393,0,35
Tue Jan 14 16:34:52 2020,1509393793,1,400
Tue Jan 14 16:34:52 2020,1509394068,0,275
Tue Jan 14 16:34:52 2020,1509394248,1,180
Tue Jan 14 16:34:52 2020,1509394383,0,135
Tue Jan 14 16:34:52 2020,1509394628,1,245
Tue Jan 14 16:34:52 2020,1509394703,0,75
Tue Jan 14 16:34:52 2020,1509394853,1,150
Tue Jan 14 16:42:03 2020,1940441979,0,431047126
Tue Jan 14 16:42:03 2020,1940442019,1,40
Tue Jan 14 16:42:03 2020,1940442419,0,400
Tue Jan 14 16:42:03 2020,1940442539,1,120
Tue Jan 14 16:42:03 2020,1940442574,0,35
Tue Jan 14 16:42:03 2020,1940442614,1,40
Tue Jan 14 16:42:03 2020,1940442804,0,190
Tue Jan 14 16:42:04 2020,1941565556,1,1122752
Tue Jan 14 16:42:04 2020,1941565746,0,190
Tue Jan 14 16:42:04 2020,1941565976,1,230
Tue Jan 14 16:42:04 2020,1941566812,0,836
Tue Jan 14 16:42:04 2020,1941567027,1,215
Wed Jan 15 10:12:33 2020,547360631,0,1394206396
Wed Jan 15 10:12:33 2020,547360731,1,100
Wed Jan 15 10:12:33 2020,547360891,0,160
Wed Jan 15 10:12:35 2020,548409469,1,1048578
Wed Jan 15 10:12:35 2020,548410244,0,775
Wed Jan 15 10:12:35 2020,548410304,1,60
Wed Jan 15 13:01:38 2020,2102272035,0,1553861731
Wed Jan 15 13:01:38 2020,2102272140,1,105
Wed Jan 15 13:01:38 2020,2102272590,0,450
Wed Jan 15 13:01:38 2020,2102272815,1,225
Wed Jan 15 13:01:38 2020,2102272920,0,105
Wed Jan 15 13:01:39 2020,2103390718,1,1117798
Wed Jan 15 13:01:39 2020,2103390883,0,165
Wed Jan 15 13:01:39 2020,2103391078,1,195
Wed Jan 15 13:01:39 2020,2103391853,0,775
Wed Jan 15 13:01:39 2020,2103391888,1,35
Wed Jan 15 13:01:39 2020,2103392108,0,220
Wed Jan 15 13:01:39 2020,2103392153,1,45
Wed Jan 15 13:02:55 2020,2178953729,0,75561576
Wed Jan 15 13:02:55 2020,2178953829,1,100
Wed Jan 15 13:02:55 2020,2178954329,0,500
Wed Jan 15 13:02:55 2020,2178954459,1,130
Wed Jan 15 13:02:55 2020,2178954739,0,280
Wed Jan 15 13:02:56 2020,2179975242,1,1020503
Wed Jan 15 13:02:56 2020,2179975302,0,60
Wed Jan 15 13:02:56 2020,2179975717,1,415
Wed Jan 15 13:02:56 2020,2179976137,0,420
Wed Jan 15 13:02:56 2020,2179976182,1,45
Wed Jan 15 13:02:56 2020,2179976352,0,170
Wed Jan 15 13:02:56 2020,2179976397,1,45
Wed Jan 15 13:02:56 2020,2179976492,0,95
Wed Jan 15 13:02:56 2020,2179976602,1,110
Wed Jan 15 13:02:56 2020,2179976642,0,40
Wed Jan 15 13:02:56 2020,2179976717,1,75
Wed Jan 15 14:10:06 2020,1914808785,0,265167932
Wed Jan 15 14:10:07 2020,1915780952,1,972167
Wed Jan 15 14:10:07 2020,1915781162,0,210
Wed Jan 15 14:10:07 2020,1915781727,1,565
Wed Jan 15 14:10:07 2020,1915781817,0,90
Wed Jan 15 14:10:07 2020,1915782053,1,236
Wed Jan 15 16:05:05 2020,246860754,0,1668921299
Wed Jan 15 16:05:05 2020,246860764,1,10
Wed Jan 15 16:05:05 2020,246860784,0,20
Wed Jan 15 16:05:05 2020,246860804,1,20
Wed Jan 15 16:05:05 2020,246861269,0,465
Wed Jan 15 16:05:05 2020,246861294,1,25
Wed Jan 15 16:05:05 2020,246861334,0,40
Wed Jan 15 16:05:05 2020,246861449,1,115
Wed Jan 15 16:05:05 2020,246861784,0,335
Wed Jan 15 16:05:05 2020,246861814,1,30
Wed Jan 15 16:05:05 2020,246861834,0,20
Wed Jan 15 16:05:05 2020,246861889,1,55
Wed Jan 15 16:05:05 2020,246861949,0,60
Wed Jan 15 16:05:05 2020,246862129,1,180
Wed Jan 15 16:05:05 2020,246862194,0,65
Wed Jan 15 16:05:07 2020,247962981,1,1100787
Wed Jan 15 16:05:07 2020,247962996,0,15
Wed Jan 15 16:05:07 2020,247963181,1,185
Wed Jan 15 16:05:07 2020,247963311,0,130
Wed Jan 15 16:05:07 2020,247963371,1,60
Wed Jan 15 16:05:07 2020,247963411,0,40
Wed Jan 15 16:05:07 2020,247963736,1,325
Wed Jan 15 16:05:07 2020,247963776,0,40
Wed Jan 15 16:05:07 2020,247964071,1,295
Wed Jan 15 16:26:11 2020,1512423922,0,1264459851
Wed Jan 15 16:26:11 2020,1512423932,1,10
Wed Jan 15 16:26:11 2020,1512424367,0,435
Wed Jan 15 16:26:11 2020,1512424397,1,30
Wed Jan 15 16:26:11 2020,1512424437,0,40
Wed Jan 15 16:26:11 2020,1512424452,1,15
Wed Jan 15 16:26:11 2020,1512424492,0,40
Wed Jan 15 16:26:11 2020,1512424537,1,45
Wed Jan 15 16:26:11 2020,1512424727,0,190
Wed Jan 15 16:26:11 2020,1512424757,1,30
Wed Jan 15 16:26:11 2020,1512424802,0,45
Wed Jan 15 16:26:11 2020,1512425012,1,210
Wed Jan 15 16:26:11 2020,1512425022,0,10
Wed Jan 15 16:26:11 2020,1512425131,1,109
Wed Jan 15 16:26:11 2020,1512425156,0,25
Wed Jan 15 16:26:12 2020,1513405159,1,980003
Wed Jan 15 16:26:12 2020,1513405460,0,301
Wed Jan 15 16:26:12 2020,1513405514,1,54
Wed Jan 15 16:26:12 2020,1513405604,0,90
Wed Jan 15 16:26:12 2020,1513405784,1,180
Wed Jan 15 16:46:05 2020,2706819979,0,1193414195
Wed Jan 15 16:46:05 2020,2706819984,1,5
Wed Jan 15 18:00:33 2020,2879751686,0,172931702
Wed Jan 15 18:00:33 2020,2879751691,1,5
Wed Jan 15 18:59:53 2020,2144113199,0,735638492
Wed Jan 15 18:59:53 2020,2144113204,1,5
Wed Jan 15 18:59:53 2020,2144113349,0,145
Wed Jan 15 18:59:53 2020,2144113354,1,5
Wed Jan 15 18:59:53 2020,2144113409,0,55
Wed Jan 15 18:59:53 2020,2144113414,1,5
Wed Jan 15 18:59:53 2020,2144113614,0,200
Wed Jan 15 18:59:53 2020,2144113619,1,5
Wed Jan 15 18:59:53 2020,2144113639,0,20
Wed Jan 15 18:59:53 2020,2144113644,1,5
Wed Jan 15 18:59:53 2020,2144113774,0,130
Wed Jan 15 18:59:53 2020,2144113779,1,5
Wed Jan 15 18:59:53 2020,2144114069,0,290
Wed Jan 15 18:59:53 2020,2144114074,1,5
Wed Jan 15 18:59:53 2020,2144114119,0,45
Wed Jan 15 18:59:53 2020,2144114124,1,5
Wed Jan 15 18:59:59 2020,2150738710,0,6624586
Wed Jan 15 18:59:59 2020,2150738715,1,5
Wed Jan 15 19:00:02 2020,2153603318,0,2864603
Wed Jan 15 19:00:02 2020,2153603333,1,15
Wed Jan 15 19:00:02 2020,2153603348,0,15
Wed Jan 15 19:00:02 2020,2153603353,1,5
Wed Jan 15 19:00:02 2020,2153603368,0,15
Wed Jan 15 19:00:02 2020,2153603373,1,5
Wed Jan 15 19:00:02 2020,2153603413,0,40
Wed Jan 15 19:00:02 2020,2153603418,1,5
Wed Jan 15 19:00:02 2020,2153603443,0,25
Wed Jan 15 19:00:02 2020,2153603448,1,5
Wed Jan 15 19:00:02 2020,2153603488,0,40
Wed Jan 15 19:00:02 2020,2153603493,1,5
Wed Jan 15 19:00:12 2020,2163936139,0,10332646
Wed Jan 15 19:00:12 2020,2163936144,1,5
Wed Jan 15 19:00:12 2020,2163936194,0,50
Wed Jan 15 19:00:12 2020,2163936199,1,5
Wed Jan 15 19:00:18 2020,2169865279,0,5929080
Wed Jan 15 19:00:18 2020,2169865284,1,5
Wed Jan 15 19:00:18 2020,2169865304,0,20
Wed Jan 15 19:00:18 2020,2169865309,1,5
Wed Jan 15 19:01:47 2020,2258765434,0,88900125
Wed Jan 15 19:01:47 2020,2258765439,1,5
Wed Jan 15 19:01:47 2020,2258847759,0,82320
Wed Jan 15 19:01:47 2020,2258847764,1,5
Wed Jan 15 19:01:53 2020,2264074987,0,5227223
Wed Jan 15 19:01:53 2020,2264074992,1,5
Wed Jan 15 19:02:27 2020,2298946296,0,34871304
Wed Jan 15 19:02:27 2020,2298946301,1,5
Wed Jan 15 19:02:27 2020,2298946356,0,55
Wed Jan 15 19:02:27 2020,2298946361,1,5
Wed Jan 15 19:02:27 2020,2298946431,0,70
Wed Jan 15 19:02:27 2020,2298946441,1,10
Wed Jan 15 19:02:27 2020,2298946461,0,20
Wed Jan 15 19:02:27 2020,2298946466,1,5
Wed Jan 15 19:02:27 2020,2298946676,0,210
Wed Jan 15 19:02:27 2020,2298946681,1,5
Wed Jan 15 19:02:27 2020,2298946686,0,5
Wed Jan 15 19:02:27 2020,2298946691,1,5
Wed Jan 15 19:02:27 2020,2298946921,0,230
Wed Jan 15 19:02:27 2020,2298946926,1,5
Wed Jan 15 19:02:27 2020,2298946941,0,15
Wed Jan 15 19:02:27 2020,2298946946,1,5
Wed Jan 15 19:02:27 2020,2298947196,0,250
Wed Jan 15 19:02:27 2020,2298947201,1,5
Thu Jan 16 01:15:26 2020,3203248706,0,904301505
Thu Jan 16 01:15:26 2020,3203248711,1,5
Thu Jan 16 03:03:33 2020,1099926701,0,2103322010
Thu Jan 16 03:03:33 2020,1099926711,1,10
Thu Jan 16 05:41:08 2020,1964754253,0,864827542
Thu Jan 16 05:41:08 2020,1964754258,1,5
Thu Jan 16 11:08:04 2020,105982145,0,1858772113
Thu Jan 16 11:08:04 2020,105982175,1,30
Thu Jan 16 11:08:04 2020,105982210,0,35
Thu Jan 16 11:08:04 2020,105982305,1,95
Thu Jan 16 11:08:04 2020,105982600,0,295
Thu Jan 16 11:08:04 2020,105982725,1,125
Thu Jan 16 11:08:04 2020,105982750,0,25
Thu Jan 16 11:08:05 2020,107048968,1,1066218
Thu Jan 16 13:32:09 2020,161152233,0,54103265
Thu Jan 16 13:32:09 2020,161152238,1,5
Thu Jan 16 14:48:40 2020,457174286,0,296022048
Thu Jan 16 14:48:40 2020,457174301,1,15
Thu Jan 16 14:48:40 2020,457174351,0,50
Thu Jan 16 14:48:40 2020,457174456,1,105
Thu Jan 16 14:48:40 2020,457174791,0,335
Thu Jan 16 14:48:40 2020,457174816,1,25
Thu Jan 16 14:48:40 2020,457174946,0,130
Thu Jan 16 14:48:40 2020,457175161,1,215
Thu Jan 16 14:48:40 2020,457175251,0,90
Thu Jan 16 14:48:41 2020,458168644,1,993393
Thu Jan 16 14:48:41 2020,458168974,0,330
Thu Jan 16 14:48:41 2020,458169084,1,110
Thu Jan 16 14:48:41 2020,458169439,0,355
Thu Jan 16 14:48:41 2020,458169454,1,15
Thu Jan 16 14:48:41 2020,458169459,0,5
Thu Jan 16 14:48:41 2020,458169584,1,125
Thu Jan 16 14:48:41 2020,458169629,0,45
Thu Jan 16 14:48:41 2020,458169654,1,25
Thu Jan 16 14:50:45 2020,582730709,0,124561055
Thu Jan 16 14:50:45 2020,582730749,1,40
Thu Jan 16 14:50:45 2020,582731289,0,540
Thu Jan 16 14:50:45 2020,582731309,1,20
Thu Jan 16 14:50:45 2020,582731394,0,85
Thu Jan 16 14:50:45 2020,582731429,1,35
Thu Jan 16 14:50:45 2020,582731499,0,70
Thu Jan 16 14:50:45 2020,582731519,1,20
Thu Jan 16 14:50:45 2020,582731609,0,90
Thu Jan 16 14:50:45 2020,582731854,1,245
Thu Jan 16 14:50:45 2020,582731859,0,5
Thu Jan 16 14:50:46 2020,583717202,1,985343
Thu Jan 16 14:50:46 2020,583717402,0,200
Thu Jan 16 14:50:46 2020,583717672,1,270
Thu Jan 16 14:50:46 2020,583717852,0,180
Thu Jan 16 14:50:46 2020,583718032,1,180
Thu Jan 16 15:26:48 2020,2745349603,0,2161631571
Thu Jan 16 15:26:48 2020,2745349702,1,99
Thu Jan 16 15:26:48 2020,2745350153,0,451
Thu Jan 16 15:26:48 2020,2745350173,1,20
Thu Jan 16 15:26:48 2020,2745350218,0,45
Thu Jan 16 15:26:48 2020,2745350258,1,40
Thu Jan 16 15:26:48 2020,2745350268,0,10
Thu Jan 16 15:26:48 2020,2745350348,1,80
Thu Jan 16 15:26:48 2020,2745350543,0,195
Thu Jan 16 15:26:48 2020,2745350573,1,30
Thu Jan 16 15:26:48 2020,2745350608,0,35
Thu Jan 16 15:26:48 2020,2745350788,1,180
Thu Jan 16 15:26:48 2020,2745350843,0,55
Thu Jan 16 15:26:49 2020,2746494605,1,1143762
Thu Jan 16 15:26:49 2020,2746494950,0,345
Thu Jan 16 15:26:49 2020,2746495041,1,91
Thu Jan 16 15:26:49 2020,2746495091,0,50
Thu Jan 16 15:26:49 2020,2746495141,1,50
Thu Jan 16 15:26:49 2020,2746495240,0,99
Thu Jan 16 15:26:49 2020,2746495345,1,105
Thu Jan 16 15:26:49 2020,2746495350,0,5
Thu Jan 16 15:26:49 2020,2746495481,1,131
Thu Jan 16 15:26:49 2020,2746495491,0,10
Thu Jan 16 15:26:49 2020,2746495621,1,130
Thu Jan 16 15:44:19 2020,3796722498,0,1050226877
Thu Jan 16 15:44:19 2020,3796722598,1,100
Thu Jan 16 15:44:19 2020,3796723009,0,411
Thu Jan 16 15:44:19 2020,3796723039,1,30
Thu Jan 16 15:44:19 2020,3796723114,0,75
Thu Jan 16 15:44:19 2020,3796723134,1,20
Thu Jan 16 15:44:19 2020,3796723364,0,230
Thu Jan 16 15:44:19 2020,3796723394,1,30
Thu Jan 16 15:44:19 2020,3796723434,0,40
Thu Jan 16 15:44:20 2020,3797787601,1,1064167
Thu Jan 16 15:44:20 2020,3797787861,0,260
Thu Jan 16 15:44:20 2020,3797787896,1,35
Thu Jan 16 15:44:20 2020,3797787921,0,25
Thu Jan 16 15:44:20 2020,3797787971,1,50
Thu Jan 16 15:44:20 2020,3797788081,0,110
Thu Jan 16 15:44:20 2020,3797788326,1,245
Thu Jan 16 15:44:20 2020,3797788446,0,120
Thu Jan 16 15:44:20 2020,3797788721,1,275
Thu Jan 16 16:24:43 2020,1925633057,0,1872155664
Thu Jan 16 16:24:43 2020,1925633157,1,100
Thu Jan 16 16:24:43 2020,1925633587,0,430
Thu Jan 16 16:24:43 2020,1925633612,1,25
Thu Jan 16 16:24:43 2020,1925633667,0,55
Thu Jan 16 16:24:43 2020,1925633802,1,135
Thu Jan 16 16:24:43 2020,1925633932,0,130
Thu Jan 16 16:24:43 2020,1925634007,1,75
Thu Jan 16 16:24:43 2020,1925634022,0,15
Thu Jan 16 16:24:44 2020,1926678525,1,1044503
Thu Jan 16 16:24:44 2020,1926678530,0,5
Thu Jan 16 16:24:44 2020,1926678795,1,265
Thu Jan 16 16:24:44 2020,1926679145,0,350
Thu Jan 16 16:24:44 2020,1926679160,1,15
Thu Jan 16 16:24:44 2020,1926679190,0,30
Thu Jan 16 16:24:44 2020,1926679230,1,40
Thu Jan 16 16:24:44 2020,1926679260,0,30
Thu Jan 16 16:24:44 2020,1926679335,1,75
Thu Jan 16 16:24:44 2020,1926679340,0,5
Thu Jan 16 16:24:44 2020,1926679525,1,185
Thu Jan 16 16:24:44 2020,1926679580,0,55
Thu Jan 16 16:24:44 2020,1926679930,1,350
Thu Jan 16 17:41:36 2020,2243591181,0,316911251
Thu Jan 16 17:41:36 2020,2243591186,1,5
Thu Jan 16 17:41:36 2020,2243591356,0,170
Thu Jan 16 17:41:36 2020,2243591361,1,5
Thu Jan 16 17:41:36 2020,2243591371,0,10
Thu Jan 16 17:41:36 2020,2243591376,1,5
Thu Jan 16 17:41:40 2020,2248044047,0,4452671
Thu Jan 16 17:41:40 2020,2248044052,1,5
Thu Jan 16 17:41:40 2020,2248044082,0,30
Thu Jan 16 17:41:40 2020,2248044087,1,5
Thu Jan 16 17:41:40 2020,2248044112,0,25
Thu Jan 16 17:41:40 2020,2248044117,1,5
Thu Jan 16 17:41:40 2020,2248044127,0,10
Thu Jan 16 17:41:40 2020,2248044132,1,5
Thu Jan 16 17:41:40 2020,2248044212,0,80
Thu Jan 16 17:41:40 2020,2248044217,1,5
Thu Jan 16 17:41:40 2020,2248044267,0,50
Thu Jan 16 17:41:40 2020,2248044272,1,5
Thu Jan 16 17:41:40 2020,2248044317,0,45
Thu Jan 16 17:41:40 2020,2248044322,1,5
Thu Jan 16 17:41:40 2020,2248044337,0,15
Thu Jan 16 17:41:40 2020,2248044342,1,5
Thu Jan 16 17:41:40 2020,2248044392,0,50
Thu Jan 16 17:41:40 2020,2248044402,1,10
Thu Jan 16 17:41:40 2020,2248044417,0,15
Thu Jan 16 17:41:40 2020,2248044422,1,5
Thu Jan 16 17:41:40 2020,2248044432,0,10
Thu Jan 16 17:41:40 2020,2248044437,1,5
Thu Jan 16 17:41:40 2020,2248044462,0,25
Thu Jan 16 17:41:40 2020,2248044467,1,5
Thu Jan 16 17:41:40 2020,2248044482,0,15
Thu Jan 16 17:41:40 2020,2248044487,1,5
Thu Jan 16 17:41:40 2020,2248044502,0,15
Thu Jan 16 17:41:40 2020,2248044507,1,5
Thu Jan 16 17:41:40 2020,2248044517,0,10
Thu Jan 16 17:41:40 2020,2248044522,1,5
Thu Jan 16 17:41:40 2020,2248044697,0,175
Thu Jan 16 17:41:40 2020,2248044702,1,5
Thu Jan 16 17:41:40 2020,2248044858,0,156
Thu Jan 16 17:41:40 2020,2248044863,1,5
Thu Jan 16 17:41:40 2020,2248044947,0,84
Thu Jan 16 17:41:40 2020,2248044952,1,5
Thu Jan 16 17:41:40 2020,2248045022,0,70
Thu Jan 16 17:41:40 2020,2248045027,1,5
Thu Jan 16 17:41:40 2020,2248045477,0,450
Thu Jan 16 17:41:40 2020,2248045487,1,10
Thu Jan 16 17:41:40 2020,2248045827,0,340
Thu Jan 16 17:41:40 2020,2248045832,1,5
Thu Jan 16 17:41:40 2020,2248045932,0,100
Thu Jan 16 17:41:40 2020,2248045937,1,5
Thu Jan 16 17:41:40 2020,2248046017,0,80
Thu Jan 16 17:41:40 2020,2248046022,1,5
Thu Jan 16 17:41:40 2020,2248046222,0,200
Thu Jan 16 17:41:40 2020,2248046227,1,5
Thu Jan 16 17:41:40 2020,2248046277,0,50
Thu Jan 16 17:41:40 2020,2248046282,1,5
Thu Jan 16 17:41:40 2020,2248046352,0,70
Thu Jan 16 17:41:40 2020,2248046357,1,5
Thu Jan 16 17:47:38 2020,2605930949,0,357884592
Thu Jan 16 17:47:38 2020,2605930954,1,5
Thu Jan 16 17:47:42 2020,2610269614,0,4338660
Thu Jan 16 17:47:42 2020,2610269619,1,5
Thu Jan 16 17:47:48 2020,2616238124,0,5968505
Thu Jan 16 17:47:48 2020,2616238129,1,5
Thu Jan 16 17:47:48 2020,2616238139,0,10
Thu Jan 16 17:47:48 2020,2616238144,1,5
Thu Jan 16 17:47:48 2020,2616238269,0,125
Thu Jan 16 17:47:48 2020,2616238274,1,5
Thu Jan 16 17:47:48 2020,2616238334,0,60
Thu Jan 16 17:47:48 2020,2616238339,1,5
Thu Jan 16 17:47:48 2020,2616238394,0,55
Thu Jan 16 17:47:48 2020,2616238399,1,5
Thu Jan 16 17:47:48 2020,2616238429,0,30
Thu Jan 16 17:47:48 2020,2616238434,1,5
Thu Jan 16 17:47:48 2020,2616238449,0,15
Thu Jan 16 17:47:48 2020,2616238454,1,5
Thu Jan 16 17:47:48 2020,2616238844,0,390
Thu Jan 16 17:47:48 2020,2616238849,1,5
Thu Jan 16 17:47:48 2020,2616239094,0,245
Thu Jan 16 17:47:48 2020,2616239099,1,5
Thu Jan 16 17:48:13 2020,2640471300,0,24232201
Thu Jan 16 17:48:13 2020,2640471305,1,5
Thu Jan 16 17:48:13 2020,2640471375,0,70
Thu Jan 16 17:48:13 2020,2640471380,1,5
Thu Jan 16 17:48:13 2020,2640471425,0,45
Thu Jan 16 17:48:13 2020,2640471430,1,5
Thu Jan 16 17:48:26 2020,2653899654,0,13428224
Thu Jan 16 17:48:26 2020,2653899659,1,5
Thu Jan 16 17:48:28 2020,2655954255,0,2054596
Thu Jan 16 17:48:28 2020,2655954260,1,5
Thu Jan 16 17:48:28 2020,2655954305,0,45
Thu Jan 16 17:48:28 2020,2655954310,1,5
Thu Jan 16 17:58:35 2020,3262810825,0,606856515
Thu Jan 16 17:58:35 2020,3262810830,1,5
Thu Jan 16 17:58:38 2020,3265670338,0,2859508
Thu Jan 16 17:58:38 2020,3265670343,1,5
Thu Jan 16 17:58:38 2020,3265670433,0,90
Thu Jan 16 17:58:38 2020,3265670438,1,5
Thu Jan 16 17:58:38 2020,3265672013,0,1575
Thu Jan 16 17:58:38 2020,3265672018,1,5
Thu Jan 16 17:58:43 2020,3271152672,0,5480654
Thu Jan 16 17:58:43 2020,3271152677,1,5
Thu Jan 16 17:58:44 2020,3272266650,0,1113973
Thu Jan 16 17:58:44 2020,3272266655,1,5
Thu Jan 16 17:58:44 2020,3272266660,0,5
Thu Jan 16 17:58:44 2020,3272266665,1,5
Thu Jan 16 17:58:44 2020,3272266680,0,15
Thu Jan 16 17:58:44 2020,3272266690,1,10
Thu Jan 16 17:58:44 2020,3272266725,0,35
Thu Jan 16 17:58:44 2020,3272266735,1,10
Thu Jan 16 17:58:44 2020,3272266740,0,5
Thu Jan 16 17:58:44 2020,3272266745,1,5
Thu Jan 16 17:58:44 2020,3272266780,0,35
Thu Jan 16 17:58:44 2020,3272266785,1,5
Thu Jan 16 17:58:44 2020,3272266845,0,60
Thu Jan 16 17:58:44 2020,3272266855,1,10
Thu Jan 16 17:58:44 2020,3272266900,0,45
Thu Jan 16 17:58:44 2020,3272266905,1,5
Thu Jan 16 17:58:44 2020,3272267065,0,160
Thu Jan 16 17:58:44 2020,3272267070,1,5
Thu Jan 16 17:58:44 2020,3272267200,0,130
Thu Jan 16 17:58:44 2020,3272267205,1,5
Thu Jan 16 19:25:35 2020,4187520635,0,915253430
Thu Jan 16 19:25:35 2020,4187520640,1,5
Thu Jan 16 20:05:39 2020,2297168060,0,1890352580
Thu Jan 16 20:05:39 2020,2297168065,1,5
Thu Jan 16 20:05:39 2020,2297168260,0,195
Thu Jan 16 20:05:39 2020,2297168265,1,5
Thu Jan 16 22:16:20 2020,1547818812,0,749349453
Thu Jan 16 22:16:20 2020,1547818817,1,5
Thu Jan 16 22:49:14 2020,3522404084,0,1974585267
Thu Jan 16 22:49:14 2020,3522404089,1,5
Fri Jan 17 06:55:52 2020,2655368770,0,867035319
Fri Jan 17 06:55:52 2020,2655368775,1,5
Fri Jan 17 10:44:31 2020,3489682429,0,834313654
Fri Jan 17 10:44:31 2020,3489682434,1,5
Fri Jan 17 11:17:18 2020,1162276493,0,2327405941
Fri Jan 17 11:17:18 2020,1162276533,1,40
Fri Jan 17 11:17:18 2020,1162276553,0,20
Fri Jan 17 11:17:18 2020,1162276648,1,95
Fri Jan 17 11:17:18 2020,1162276998,0,350
Fri Jan 17 11:17:18 2020,1162277058,1,60
Fri Jan 17 11:17:18 2020,1162277073,0,15
Fri Jan 17 11:17:19 2020,1163291655,1,1014582
Fri Jan 17 11:17:19 2020,1163291755,0,100
Fri Jan 17 11:17:19 2020,1163291840,1,85
Fri Jan 17 12:47:18 2020,2267190684,0,1103898844
Fri Jan 17 12:47:18 2020,2267190689,1,5
Fri Jan 17 13:44:18 2020,1391521157,0,875669532
Fri Jan 17 13:44:18 2020,1391521167,1,10
Fri Jan 17 13:44:18 2020,1391521222,0,55
Fri Jan 17 13:44:18 2020,1391521327,1,105
Fri Jan 17 13:44:18 2020,1391521727,0,400
Fri Jan 17 13:44:18 2020,1391521787,1,60
Fri Jan 17 13:44:18 2020,1391521802,0,15
Fri Jan 17 13:44:18 2020,1391521952,1,150
Fri Jan 17 13:44:18 2020,1391522087,0,135
Fri Jan 17 13:44:18 2020,1391522152,1,65
Fri Jan 17 13:44:18 2020,1391522162,0,10
Fri Jan 17 13:44:19 2020,1392557049,1,1034887
Fri Jan 17 13:44:19 2020,1392557164,0,115
Fri Jan 17 13:44:19 2020,1392557259,1,95
Fri Jan 17 13:44:19 2020,1392557264,0,5
Fri Jan 17 13:44:19 2020,1392557909,1,645
Fri Jan 17 13:44:19 2020,1392558034,0,125
Fri Jan 17 13:44:19 2020,1392558064,1,30
Fri Jan 17 13:47:54 2020,1607595063,0,215036999
Fri Jan 17 13:47:54 2020,1607595068,1,5
Fri Jan 17 14:31:41 2020,4235487000,0,2627891932
Fri Jan 17 14:31:41 2020,4235487005,1,5
Fri Jan 17 17:20:20 2020,1469269256,0,2766217749
Fri Jan 17 17:20:20 2020,1469269271,1,15
Fri Jan 17 17:20:20 2020,1469269321,0,50
Fri Jan 17 17:20:20 2020,1469269426,1,105
Fri Jan 17 17:20:20 2020,1469269816,0,390
Fri Jan 17 17:20:20 2020,1469269846,1,30
Fri Jan 17 17:20:20 2020,1469269931,0,85
Fri Jan 17 17:20:20 2020,1469269991,1,60
Fri Jan 17 17:20:20 2020,1469269996,0,5
Fri Jan 17 17:20:20 2020,1469270066,1,70
Fri Jan 17 17:20:20 2020,1469270146,0,80
Fri Jan 17 17:20:21 2020,1470381104,1,1110958
Fri Jan 17 17:20:21 2020,1470381114,0,10
Fri Jan 17 17:20:21 2020,1470381539,1,425
Fri Jan 17 17:20:21 2020,1470381844,0,305
Fri Jan 17 17:20:21 2020,1470381884,1,40
Fri Jan 17 17:20:21 2020,1470381889,0,5
Fri Jan 17 17:20:21 2020,1470382019,1,130
Fri Jan 17 17:20:21 2020,1470382374,0,355
Fri Jan 17 17:20:21 2020,1470382409,1,35
Fri Jan 17 17:20:21 2020,1470382439,0,30
Fri Jan 17 17:20:21 2020,1470382564,1,125
Fri Jan 17 17:22:42 2020,1610740724,0,140358160
Fri Jan 17 17:22:42 2020,1610740729,1,5
Fri Jan 17 17:22:45 2020,1614217983,0,3477254
Fri Jan 17 17:22:45 2020,1614217988,1,5
Fri Jan 17 17:22:45 2020,1614217998,0,10
Fri Jan 17 17:22:45 2020,1614218003,1,5
Fri Jan 17 17:22:45 2020,1614218013,0,10
Fri Jan 17 17:22:45 2020,1614218018,1,5
Fri Jan 17 17:22:45 2020,1614218028,0,10
Fri Jan 17 17:22:45 2020,1614218033,1,5
Fri Jan 17 17:22:45 2020,1614218053,0,20
Fri Jan 17 17:22:45 2020,1614218058,1,5
Fri Jan 17 17:22:45 2020,1614218113,0,55
Fri Jan 17 17:22:45 2020,1614218123,1,10
Fri Jan 17 17:22:45 2020,1614218153,0,30
Fri Jan 17 17:22:45 2020,1614218163,1,10
Fri Jan 17 17:22:45 2020,1614218168,0,5
Fri Jan 17 17:22:45 2020,1614218173,1,5
Fri Jan 17 17:22:45 2020,1614218188,0,15
Fri Jan 17 17:22:45 2020,1614218193,1,5
Fri Jan 17 17:22:45 2020,1614218223,0,30
Fri Jan 17 17:22:45 2020,1614218253,1,30
Fri Jan 17 17:22:45 2020,1614218278,0,25
Fri Jan 17 17:22:45 2020,1614218283,1,5
Fri Jan 17 17:22:45 2020,1614218313,0,30
Fri Jan 17 17:22:45 2020,1614218318,1,5
Fri Jan 17 17:22:45 2020,1614218358,0,40
Fri Jan 17 17:22:45 2020,1614218363,1,5
Fri Jan 17 17:22:45 2020,1614218378,0,15
Fri Jan 17 17:22:45 2020,1614218383,1,5
Fri Jan 17 17:22:45 2020,1614218388,0,5
Fri Jan 17 17:22:45 2020,1614218393,1,5
Fri Jan 17 17:22:45 2020,1614218413,0,20
Fri Jan 17 17:22:45 2020,1614218418,1,5
Fri Jan 17 17:22:45 2020,1614218423,0,5
Fri Jan 17 17:22:45 2020,1614218428,1,5
Fri Jan 17 17:22:45 2020,1614218433,0,5
Fri Jan 17 17:22:45 2020,1614218438,1,5
Fri Jan 17 17:22:45 2020,1614218458,0,20
Fri Jan 17 17:22:45 2020,1614218463,1,5
Fri Jan 17 17:22:45 2020,1614218498,0,35
Fri Jan 17 17:22:45 2020,1614218503,1,5
Fri Jan 17 17:22:45 2020,1614218538,0,35
Fri Jan 17 17:22:45 2020,1614218543,1,5
Fri Jan 17 17:22:45 2020,1614218583,0,40
Fri Jan 17 17:22:45 2020,1614218588,1,5
Sat Jan 18 04:54:07 2020,146959677,0,1467258911
Sat Jan 18 04:54:07 2020,146959682,1,5
Sat Jan 18 06:55:49 2020,3154038841,0,3007079159
Sat Jan 18 06:55:49 2020,3154038846,1,5
Sat Jan 18 09:20:11 2020,3226493989,0,72455143
Sat Jan 18 09:20:11 2020,3226493994,1,5
Sat Jan 18 11:41:04 2020,3088866014,0,137627980
Sat Jan 18 11:41:04 2020,3088866019,1,5
Sat Jan 18 19:24:40 2020,840647623,0,2248218396
Sat Jan 18 19:24:40 2020,840647628,1,5
Sat Jan 18 19:25:37 2020,898142569,0,57494941
Sat Jan 18 19:25:37 2020,898142574,1,5
Sat Jan 18 19:25:37 2020,898143009,0,435
Sat Jan 18 19:25:37 2020,898143014,1,5
Sat Jan 18 19:25:37 2020,898143059,0,45
Sat Jan 18 19:25:37 2020,898143064,1,5
Sat Jan 18 19:25:37 2020,898143214,0,150
Sat Jan 18 19:25:37 2020,898143219,1,5
Sat Jan 18 21:35:55 2020,126283799,0,771859420
Sat Jan 18 21:35:55 2020,126283804,1,5
Sun Jan 19 02:09:39 2020,3665521559,0,3539237755
Sun Jan 19 02:09:39 2020,3665521574,1,15
Sun Jan 19 19:47:38 2020,2720277890,0,945243684
Sun Jan 19 19:47:38 2020,2720277900,1,10
Sun Jan 19 19:47:38 2020,2720277945,0,45
Sun Jan 19 19:47:38 2020,2720277950,1,5
Sun Jan 19 19:47:38 2020,2720278120,0,170
Sun Jan 19 19:47:38 2020,2720278125,1,5
Sun Jan 19 19:47:38 2020,2720278910,0,785
Sun Jan 19 19:47:38 2020,2720278915,1,5
Mon Jan 20 05:54:08 2020,455589732,0,2264689183
Mon Jan 20 05:54:08 2020,455589737,1,5
Mon Jan 20 10:31:43 2020,4225942477,0,3770352740
Mon Jan 20 10:31:43 2020,4225942482,1,5
Mon Jan 20 10:53:36 2020,1244268155,0,2981674327
Mon Jan 20 10:53:36 2020,1244268195,1,40
Mon Jan 20 10:53:36 2020,1244268220,0,25
Mon Jan 20 10:53:36 2020,1244268315,1,95
Mon Jan 20 10:53:36 2020,1244268600,0,285
Mon Jan 20 10:53:37 2020,1245368707,1,1100107
Mon Jan 20 10:53:37 2020,1245368752,0,45
Mon Jan 20 10:53:37 2020,1245368902,1,150
Mon Jan 20 13:02:36 2020,394654248,0,850714654
Mon Jan 20 13:02:36 2020,394654258,1,10
Mon Jan 20 13:02:36 2020,394654313,0,55
Mon Jan 20 13:02:36 2020,394654418,1,105
Mon Jan 20 13:02:36 2020,394654888,0,470
Mon Jan 20 13:02:36 2020,394654928,1,40
Mon Jan 20 13:02:36 2020,394654953,0,25
Mon Jan 20 13:02:36 2020,394655018,1,65
Mon Jan 20 13:02:36 2020,394655233,0,215
Mon Jan 20 13:02:36 2020,394655288,1,55
Mon Jan 20 13:02:36 2020,394655333,0,45
Mon Jan 20 13:02:36 2020,394655453,1,120
Mon Jan 20 13:02:36 2020,394655543,0,90
Mon Jan 20 13:02:36 2020,394655608,1,65
Mon Jan 20 13:02:36 2020,394655613,0,5
Mon Jan 20 13:02:36 2020,394655678,1,65
Mon Jan 20 13:02:36 2020,394655683,0,5
Mon Jan 20 13:02:36 2020,394655753,1,70
Mon Jan 20 13:02:36 2020,394655763,0,10
Mon Jan 20 13:02:37 2020,395638700,1,982937
Mon Jan 20 13:02:37 2020,395638735,0,35
Mon Jan 20 13:02:37 2020,395639206,1,471
Mon Jan 20 13:02:37 2020,395639590,0,384
Mon Jan 20 13:02:37 2020,395639670,1,80
Mon Jan 20 13:02:37 2020,395640065,0,395
Mon Jan 20 13:02:37 2020,395640075,1,10
Mon Jan 20 14:33:00 2020,1523476399,0,1127836324
Mon Jan 20 14:33:00 2020,1523476409,1,10
Mon Jan 20 14:33:00 2020,1523476464,0,55
Mon Jan 20 14:33:00 2020,1523476564,1,100
Mon Jan 20 14:33:00 2020,1523476954,0,390
Mon Jan 20 14:33:00 2020,1523476994,1,40
Mon Jan 20 14:33:00 2020,1523477069,0,75
Mon Jan 20 14:33:00 2020,1523477094,1,25
Mon Jan 20 14:33:00 2020,1523477119,0,25
Mon Jan 20 14:33:00 2020,1523477194,1,75
Mon Jan 20 14:33:00 2020,1523477329,0,135
Mon Jan 20 14:33:00 2020,1523477394,1,65
Mon Jan 20 14:33:00 2020,1523477414,0,20
Mon Jan 20 14:33:00 2020,1523477604,1,190
Mon Jan 20 14:33:00 2020,1523477639,0,35
Mon Jan 20 14:33:00 2020,1523477714,1,75
Mon Jan 20 14:33:00 2020,1523477724,0,10
Mon Jan 20 14:33:01 2020,1524434552,1,956828
Mon Jan 20 14:33:01 2020,1524434812,0,260
Mon Jan 20 14:33:01 2020,1524434862,1,50
Mon Jan 20 14:33:01 2020,1524434882,0,20
Mon Jan 20 14:33:01 2020,1524434952,1,70
Mon Jan 20 14:33:01 2020,1524434967,0,15
Mon Jan 20 14:33:01 2020,1524435087,1,120
Mon Jan 20 15:09:00 2020,3683698531,0,2159263444
Mon Jan 20 15:09:00 2020,3683698536,1,5
Mon Jan 20 15:31:29 2020,737058798,0,2946639738
Mon Jan 20 15:31:29 2020,737058803,1,5
Mon Jan 20 16:10:11 2020,3059756991,0,2322698188
Mon Jan 20 16:10:11 2020,3059756996,1,5
Mon Jan 20 16:10:11 2020,3059757056,0,60
Mon Jan 20 16:10:11 2020,3059757156,1,100
Mon Jan 20 16:10:11 2020,3059757556,0,400
Mon Jan 20 16:10:11 2020,3059757566,1,10
Mon Jan 20 16:10:11 2020,3059757657,0,91
Mon Jan 20 16:10:11 2020,3059757767,1,110
Mon Jan 20 16:10:11 2020,3059757927,0,160
Mon Jan 20 16:10:11 2020,3059757967,1,40
Mon Jan 20 16:10:11 2020,3059758032,0,65
Mon Jan 20 16:10:11 2020,3059758072,1,40
Mon Jan 20 16:10:11 2020,3059758122,0,50
Mon Jan 20 16:10:12 2020,3060800814,1,1042692
Mon Jan 20 16:10:12 2020,3060800834,0,20
Mon Jan 20 16:10:12 2020,3060801300,1,466
Mon Jan 20 16:10:12 2020,3060801320,0,20
Mon Jan 20 16:10:12 2020,3060801474,1,154
Mon Jan 20 16:10:12 2020,3060801684,0,210
Mon Jan 20 16:10:12 2020,3060802050,1,366
Mon Jan 20 16:10:12 2020,3060802144,0,94
Mon Jan 20 16:10:12 2020,3060802174,1,30
Mon Jan 20 16:10:12 2020,3060802214,0,40
Mon Jan 20 16:10:12 2020,3060802329,1,115
Mon Jan 20 16:36:07 2020,320573818,0,2740228511
Mon Jan 20 16:36:07 2020,320573918,1,100
Mon Jan 20 16:36:07 2020,320574314,0,396
Mon Jan 20 16:36:07 2020,320574334,1,20
Mon Jan 20 16:36:07 2020,320574428,0,94
Mon Jan 20 16:36:07 2020,320574548,1,120
Mon Jan 20 16:36:07 2020,320574638,0,90
Mon Jan 20 16:36:07 2020,320574703,1,65
Mon Jan 20 16:36:07 2020,320574718,0,15
Mon Jan 20 16:36:07 2020,320574963,1,245
Mon Jan 20 16:36:07 2020,320574978,0,15
Mon Jan 20 16:36:08 2020,321697801,1,1122823
Mon Jan 20 16:36:08 2020,321697921,0,120
Mon Jan 20 16:36:08 2020,321697931,1,10
Mon Jan 20 16:36:08 2020,321697976,0,45
Mon Jan 20 16:36:08 2020,321698821,1,845
Mon Jan 20 17:37:20 2020,3993816185,0,3672117364
Mon Jan 20 17:37:20 2020,3993816190,1,5
Mon Jan 20 17:37:20 2020,3993816555,0,365
Mon Jan 20 17:37:20 2020,3993816560,1,5
Mon Jan 20 17:37:21 2020,3994195246,0,378686
Mon Jan 20 17:37:21 2020,3994195251,1,5
Mon Jan 20 17:37:23 2020,3996396326,0,2201075
Mon Jan 20 17:37:23 2020,3996396331,1,5
Mon Jan 20 17:37:29 2020,4002702913,0,6306582
Mon Jan 20 17:37:29 2020,4002702917,1,4
Mon Jan 20 17:37:31 2020,4004884183,0,2181266
Mon Jan 20 17:37:31 2020,4004884188,1,5
Mon Jan 20 17:37:32 2020,4005365844,0,481656
Mon Jan 20 17:37:32 2020,4005365849,1,5
Mon Jan 20 17:38:28 2020,4061408331,0,56042482
Mon Jan 20 17:38:28 2020,4061408341,1,10
Mon Jan 20 17:38:28 2020,4061408366,0,25
Mon Jan 20 17:38:28 2020,4061408381,1,15
Mon Jan 20 17:38:28 2020,4061408901,0,520
Mon Jan 20 17:38:28 2020,4061408956,1,55
Mon Jan 20 17:38:28 2020,4061408971,0,15
Mon Jan 20 17:38:28 2020,4061409026,1,55
Mon Jan 20 17:38:28 2020,4061409186,0,160
Mon Jan 20 17:38:28 2020,4061409191,1,5
Mon Jan 20 17:38:28 2020,4061409251,0,60
Mon Jan 20 17:38:29 2020,4062510799,1,1101548
Mon Jan 20 17:38:29 2020,4062510844,0,45
Mon Jan 20 17:38:29 2020,4062511354,1,510
Mon Jan 20 17:38:29 2020,4062511449,0,95
Mon Jan 20 17:38:29 2020,4062511629,1,180
Mon Jan 20 17:38:29 2020,4062511644,0,15
Mon Jan 20 17:38:29 2020,4062511889,1,245
Mon Jan 20 17:38:29 2020,4062512145,0,256
Mon Jan 20 17:38:29 2020,4062512319,1,174
Mon Jan 20 17:39:28 2020,4121377748,0,58865429
Mon Jan 20 17:39:28 2020,4121377753,1,5
Mon Jan 20 17:39:28 2020,4121377938,0,185
Mon Jan 20 17:39:28 2020,4121377943,1,5
Mon Jan 20 17:39:28 2020,4121377993,0,50
Mon Jan 20 17:39:28 2020,4121377998,1,5
Mon Jan 20 17:45:35 2020,193445025,0,3927932973
Mon Jan 20 17:45:35 2020,193445030,1,5
Mon Jan 20 17:46:13 2020,231733423,0,38288393
Mon Jan 20 17:46:13 2020,231733428,1,5
Mon Jan 20 17:46:13 2020,231733448,0,20
Mon Jan 20 17:46:13 2020,231733453,1,5
Mon Jan 20 17:46:13 2020,231733468,0,15
Mon Jan 20 17:46:13 2020,231733473,1,5
Mon Jan 20 17:46:13 2020,231733478,0,5
Mon Jan 20 17:46:13 2020,231733483,1,5
Mon Jan 20 18:26:41 2020,2659352247,0,2427618764
Mon Jan 20 18:26:41 2020,2659352252,1,5
Mon Jan 20 18:26:41 2020,2659352472,0,220
Mon Jan 20 18:26:41 2020,2659352477,1,5
Mon Jan 20 18:26:41 2020,2659352577,0,100
Mon Jan 20 18:26:41 2020,2659352582,1,5
Mon Jan 20 18:26:41 2020,2659352707,0,125
Mon Jan 20 18:26:41 2020,2659352712,1,5
Mon Jan 20 18:35:01 2020,3159669763,0,500317051
Mon Jan 20 18:35:01 2020,3159669768,1,5
Mon Jan 20 18:35:01 2020,3159669858,0,90
Mon Jan 20 18:35:01 2020,3159669863,1,5
Mon Jan 20 18:35:01 2020,3159669888,0,25
Mon Jan 20 18:35:01 2020,3159669893,1,5
Mon Jan 20 18:35:06 2020,3164385300,0,4715407
Mon Jan 20 18:35:06 2020,3164385305,1,5
Mon Jan 20 18:35:08 2020,3166305390,0,1920085
Mon Jan 20 18:35:08 2020,3166305395,1,5
Mon Jan 20 18:35:12 2020,3170455195,0,4149800
Mon Jan 20 18:35:12 2020,3170455200,1,5
Mon Jan 20 18:35:12 2020,3171073107,0,617907
Mon Jan 20 18:35:12 2020,3171073112,1,5
Mon Jan 20 18:35:16 2020,3174986607,0,3913495
Mon Jan 20 18:35:16 2020,3174986612,1,5
Mon Jan 20 18:35:16 2020,3174987022,0,410
Mon Jan 20 18:35:16 2020,3174987027,1,5
Mon Jan 20 18:35:21 2020,3179875699,0,4888672
Mon Jan 20 18:35:21 2020,3179875704,1,5
Mon Jan 20 18:35:21 2020,3179875709,0,5
Mon Jan 20 18:35:21 2020,3179875714,1,5
Mon Jan 20 18:35:21 2020,3179875739,0,25
Mon Jan 20 18:35:21 2020,3179875744,1,5
Mon Jan 20 18:35:28 2020,3186359200,0,6483456
Mon Jan 20 18:35:28 2020,3186359210,1,10
Mon Jan 20 18:35:28 2020,3186359220,0,10
Mon Jan 20 18:35:28 2020,3186359235,1,15
Mon Jan 20 18:35:28 2020,3186359240,0,5
Mon Jan 20 18:35:28 2020,3186359245,1,5
Mon Jan 20 18:35:28 2020,3186359260,0,15
Mon Jan 20 18:35:28 2020,3186359265,1,5
Mon Jan 20 18:35:28 2020,3186359275,0,10
Mon Jan 20 18:35:28 2020,3186359280,1,5
Mon Jan 20 18:35:28 2020,3186359290,0,10
Mon Jan 20 18:35:28 2020,3186359295,1,5
Mon Jan 20 18:35:28 2020,3186359325,0,30
Mon Jan 20 18:35:28 2020,3186359335,1,10
Mon Jan 20 18:35:28 2020,3186359355,0,20
Mon Jan 20 18:35:28 2020,3186359360,1,5
Mon Jan 20 18:35:28 2020,3186359380,0,20
Mon Jan 20 18:35:28 2020,3186359385,1,5
Mon Jan 20 18:35:28 2020,3186359395,0,10
Mon Jan 20 18:35:28 2020,3186359405,1,10
Mon Jan 20 18:35:28 2020,3186359425,0,20
Mon Jan 20 18:35:28 2020,3186359440,1,15
Mon Jan 20 18:35:28 2020,3186359455,0,15
Mon Jan 20 18:35:28 2020,3186359460,1,5
Mon Jan 20 18:35:28 2020,3186359475,0,15
Mon Jan 20 18:35:28 2020,3186359480,1,5
Mon Jan 20 18:35:28 2020,3186359520,0,40
Mon Jan 20 18:35:28 2020,3186359525,1,5
Mon Jan 20 18:35:28 2020,3186359545,0,20
Mon Jan 20 18:35:28 2020,3186359550,1,5
Mon Jan 20 18:35:28 2020,3186359615,0,65
Mon Jan 20 18:35:28 2020,3186359620,1,5
Mon Jan 20 18:35:28 2020,3186359640,0,20
Mon Jan 20 18:35:28 2020,3186359645,1,5
Mon Jan 20 18:35:28 2020,3186359680,0,35
Mon Jan 20 18:35:28 2020,3186359685,1,5
Mon Jan 20 18:35:28 2020,3186359690,0,5
Mon Jan 20 18:35:28 2020,3186359695,1,5
Mon Jan 20 18:35:28 2020,3186359700,0,5
Mon Jan 20 18:35:28 2020,3186359705,1,5
Mon Jan 20 18:35:28 2020,3186359815,0,110
Mon Jan 20 18:35:28 2020,3186359820,1,5
Mon Jan 20 18:35:28 2020,3186359860,0,40
Mon Jan 20 18:35:28 2020,3186359865,1,5
Mon Jan 20 18:36:36 2020,3255062604,0,68702739
Mon Jan 20 18:36:36 2020,3255062609,1,5
Mon Jan 20 18:36:36 2020,3255062654,0,45
Mon Jan 20 18:36:36 2020,3255062664,1,10
Mon Jan 20 18:36:36 2020,3255062674,0,10
Mon Jan 20 18:36:36 2020,3255062679,1,5
Mon Jan 20 18:37:12 2020,3291121306,0,36058627
Mon Jan 20 18:37:12 2020,3291121311,1,5
Mon Jan 20 18:37:30 2020,3308234329,0,17113018
Mon Jan 20 18:37:30 2020,3308234334,1,5
Tue Jan 21 07:36:18 2020,2792295600,0,515938734
Tue Jan 21 07:36:18 2020,2792295605,1,5
Tue Jan 21 07:36:18 2020,2792295620,0,15
Tue Jan 21 07:36:18 2020,2792295625,1,5
Tue Jan 21 07:36:18 2020,2792296015,0,390
Tue Jan 21 07:36:18 2020,2792296020,1,5
Tue Jan 21 07:36:18 2020,2792296025,0,5
Tue Jan 21 07:36:18 2020,2792296035,1,10
Tue Jan 21 07:36:18 2020,2792297410,0,1375
Tue Jan 21 07:36:18 2020,2792297415,1,5
Tue Jan 21 07:36:18 2020,2792298980,0,1565
Tue Jan 21 07:36:18 2020,2792298985,1,5
Tue Jan 21 07:36:18 2020,2792298990,0,5
Tue Jan 21 07:36:18 2020,2792298995,1,5
Tue Jan 21 07:36:18 2020,2792299005,0,10
Tue Jan 21 07:36:18 2020,2792299010,1,5
Tue Jan 21 15:02:34 2020,3799082578,0,1006783568
Tue Jan 21 15:02:34 2020,3799183048,1,100470
Tue Jan 21 15:02:35 2020,3799684645,0,501597
Tue Jan 21 15:02:35 2020,3799785205,1,100560
Tue Jan 21 15:02:35 2020,3800286561,0,501356
Tue Jan 21 15:02:36 2020,3800387071,1,100510
Tue Jan 21 15:02:36 2020,3800891073,0,504002
Tue Jan 21 15:02:36 2020,3800991643,1,100570
Tue Jan 21 15:02:37 2020,3801492899,0,501256
Tue Jan 21 15:02:37 2020,3801593409,1,100510
Tue Jan 21 15:02:37 2020,3802097751,0,504342
Tue Jan 21 15:02:37 2020,3802198381,1,100630
Tue Jan 21 15:02:38 2020,3802699522,0,501141
Tue Jan 21 15:02:38 2020,3802800017,1,100495
Tue Jan 21 15:02:38 2020,3803303954,0,503937
Tue Jan 21 15:02:39 2020,3803404524,1,100570
Tue Jan 21 15:02:39 2020,3803907120,0,502596
Tue Jan 21 15:02:39 2020,3804007605,1,100485
Tue Jan 21 15:02:40 2020,3804518417,0,510812
Tue Jan 21 15:02:40 2020,3804518772,1,355
Tue Jan 21 15:22:01 2020,671309016,0,3133209756
Tue Jan 21 15:22:01 2020,671309046,1,30
Tue Jan 21 15:22:01 2020,671309081,0,35
Tue Jan 21 15:22:01 2020,671309176,1,95
Tue Jan 21 15:22:01 2020,671309421,0,245
Tue Jan 21 15:22:01 2020,671309611,1,190
Tue Jan 21 15:22:01 2020,671309621,0,10
Tue Jan 21 15:22:01 2020,671309836,1,215
Tue Jan 21 15:22:01 2020,671309896,0,60
Tue Jan 21 15:22:03 2020,672419510,1,1109614
Tue Jan 21 15:22:03 2020,672419709,0,199
Tue Jan 21 15:22:03 2020,672419859,1,150
Wed Jan 22 12:16:16 2020,200542555,0,471877304
Wed Jan 22 12:16:16 2020,200542575,1,20
Wed Jan 22 12:16:16 2020,200542620,0,45
Wed Jan 22 12:16:16 2020,200542705,1,85
Wed Jan 22 12:16:16 2020,200543035,0,330
Wed Jan 22 12:16:16 2020,200543155,1,120
Wed Jan 22 12:16:16 2020,200543235,0,80
Wed Jan 22 12:16:16 2020,200543410,1,175
Wed Jan 22 12:16:16 2020,200543505,0,95
Wed Jan 22 12:16:17 2020,201627212,1,1083707
Wed Jan 22 12:16:17 2020,201627292,0,80
Wed Jan 22 12:16:17 2020,201627503,1,211
Wed Jan 22 12:16:17 2020,201627587,0,84
Wed Jan 22 12:16:17 2020,201627687,1,100
Wed Jan 22 12:17:04 2020,247801274,0,46173587
Wed Jan 22 12:17:04 2020,247801279,1,5
Wed Jan 22 12:58:00 2020,2704099596,0,2456298317
Wed Jan 22 12:58:00 2020,2704099601,1,5
Wed Jan 22 12:58:00 2020,2704099606,0,5
Wed Jan 22 12:58:00 2020,2704099636,1,30
Wed Jan 22 12:58:00 2020,2704100147,0,511
Wed Jan 22 12:58:00 2020,2704100152,1,5
Wed Jan 22 12:58:00 2020,2704100206,0,54
Wed Jan 22 12:58:00 2020,2704100241,1,35
Wed Jan 22 12:58:00 2020,2704100536,0,295
Wed Jan 22 12:58:00 2020,2704100726,1,190
Wed Jan 22 12:58:00 2020,2704100741,0,15
Wed Jan 22 12:58:00 2020,2704100911,1,170
Wed Jan 22 12:58:00 2020,2704100951,0,40
Wed Jan 22 12:58:00 2020,2704100991,1,40
Wed Jan 22 12:58:00 2020,2704101001,0,10
Wed Jan 22 12:58:01 2020,2705071509,1,970508
Wed Jan 22 12:58:01 2020,2705071824,0,315
Wed Jan 22 12:58:01 2020,2705071864,1,40
Wed Jan 22 12:58:01 2020,2705071879,0,15
Wed Jan 22 12:58:01 2020,2705071944,1,65
Wed Jan 22 12:58:01 2020,2705072459,0,515
Wed Jan 22 12:58:01 2020,2705072504,1,45
Wed Jan 22 12:58:01 2020,2705072519,0,15
Wed Jan 22 12:58:01 2020,2705072579,1,60
Wed Jan 22 13:01:12 2020,2896292158,0,191219579
Wed Jan 22 13:01:12 2020,2896292168,1,10
Wed Jan 22 13:01:12 2020,2896292223,0,55
Wed Jan 22 13:01:12 2020,2896292323,1,100
Wed Jan 22 13:01:12 2020,2896292788,0,465
Wed Jan 22 13:01:12 2020,2896292963,1,175
Wed Jan 22 13:01:12 2020,2896293223,0,260
Wed Jan 22 13:01:12 2020,2896293398,1,175
Wed Jan 22 13:01:12 2020,2896293478,0,80
Wed Jan 22 13:01:13 2020,2897367010,1,1073532
Wed Jan 22 13:01:13 2020,2897367045,0,35
Wed Jan 22 13:01:13 2020,2897367470,1,425
Wed Jan 22 13:01:13 2020,2897367875,0,405
Wed Jan 22 13:01:13 2020,2897367940,1,65
Wed Jan 22 14:16:33 2020,3122082298,0,224714358
Wed Jan 22 14:16:33 2020,3122082313,1,15
Wed Jan 22 14:16:33 2020,3122082363,0,50
Wed Jan 22 14:16:33 2020,3122082468,1,105
Wed Jan 22 14:16:33 2020,3122082923,0,455
Wed Jan 22 14:16:33 2020,3122082963,1,40
Wed Jan 22 14:16:33 2020,3122082983,0,20
Wed Jan 22 14:16:33 2020,3122083098,1,115
Wed Jan 22 14:16:33 2020,3122083348,0,250
Wed Jan 22 14:16:34 2020,3123120891,1,1037543
Wed Jan 22 14:16:34 2020,3123121416,0,525
Wed Jan 22 14:16:34 2020,3123121432,1,16
Wed Jan 22 14:16:34 2020,3123121547,0,115
Wed Jan 22 14:16:34 2020,3123121571,1,24
Wed Jan 22 14:16:34 2020,3123121611,0,40
Wed Jan 22 14:16:34 2020,3123121651,1,40
Wed Jan 22 14:16:34 2020,3123121826,0,175
Wed Jan 22 14:16:34 2020,3123121981,1,155
Wed Jan 22 14:48:36 2020,750089169,0,2373032812
Wed Jan 22 14:48:36 2020,750089174,1,5
Wed Jan 22 16:23:36 2020,2155775791,0,1405686617
Wed Jan 22 16:23:36 2020,2155775861,1,70
Wed Jan 22 16:23:36 2020,2155776412,0,551
Wed Jan 22 16:23:36 2020,2155776432,1,20
Wed Jan 22 16:23:36 2020,2155776492,0,60
Wed Jan 22 16:23:36 2020,2155776531,1,39
Wed Jan 22 16:23:36 2020,2155776666,0,135
Wed Jan 22 16:23:36 2020,2155776671,1,5
Wed Jan 22 16:23:36 2020,2155776676,0,5
Wed Jan 22 16:23:36 2020,2155776706,1,30
Wed Jan 22 16:23:36 2020,2155776786,0,80
Wed Jan 22 16:23:37 2020,2156715068,1,938282
Wed Jan 22 16:23:37 2020,2156715223,0,155
Wed Jan 22 16:23:37 2020,2156715278,1,55
Wed Jan 22 16:23:37 2020,2156715298,0,20
Wed Jan 22 16:23:37 2020,2156715523,1,225
Wed Jan 22 16:23:37 2020,2156715883,0,360
Wed Jan 22 16:23:37 2020,2156715923,1,40
Wed Jan 22 16:31:18 2020,2616946478,0,460230555
Wed Jan 22 16:31:18 2020,2616946483,1,5
Wed Jan 22 16:31:18 2020,2616946543,0,60
Wed Jan 22 16:31:18 2020,2616946643,1,100
Wed Jan 22 16:31:18 2020,2616947063,0,420
Wed Jan 22 16:31:18 2020,2616947228,1,165
Wed Jan 22 16:31:18 2020,2616947468,0,240
Wed Jan 22 16:31:18 2020,2616947508,1,40
Wed Jan 22 16:31:18 2020,2616947563,0,55
Wed Jan 22 16:31:18 2020,2616947688,1,125
Wed Jan 22 16:31:18 2020,2616947763,0,75
Wed Jan 22 16:31:18 2020,2616947808,1,45
Wed Jan 22 16:31:18 2020,2616947833,0,25
Wed Jan 22 16:31:19 2020,2617978521,1,1030688
Wed Jan 22 16:31:19 2020,2617978586,0,65
Wed Jan 22 16:31:19 2020,2617978686,1,100
Wed Jan 22 16:31:19 2020,2617979096,0,410
Wed Jan 22 16:31:19 2020,2617979161,1,65
Wed Jan 22 18:50:57 2020,2406262708,0,211716453
Wed Jan 22 18:50:57 2020,2406262718,1,10
Wed Jan 22 19:13:28 2020,3757826169,0,1351563451
Wed Jan 22 19:13:28 2020,3757826174,1,5
Wed Jan 22 19:20:12 2020,4161695681,0,403869507
Wed Jan 22 19:20:12 2020,4161695686,1,5
Wed Jan 22 23:48:15 2020,3064413731,0,1097281955
Wed Jan 22 23:48:15 2020,3064413736,1,5
Thu Jan 23 06:48:07 2020,2487601276,0,576812460
Thu Jan 23 06:48:07 2020,2487601281,1,5
Thu Jan 23 06:48:07 2020,2487603151,0,1870
Thu Jan 23 06:48:07 2020,2487603156,1,5
Thu Jan 23 09:59:11 2020,1066404487,0,1421198669
Thu Jan 23 09:59:11 2020,1066404492,1,5
Thu Jan 23 09:59:11 2020,1066404572,0,80
Thu Jan 23 09:59:11 2020,1066404577,1,5
Thu Jan 23 09:59:12 2020,1067747906,0,1343329
Thu Jan 23 09:59:12 2020,1067747911,1,5
Thu Jan 23 09:59:13 2020,1068026382,0,278471
Thu Jan 23 09:59:13 2020,1068026387,1,5
Thu Jan 23 09:59:13 2020,1068026392,0,5
Thu Jan 23 09:59:13 2020,1068026397,1,5
Thu Jan 23 09:59:51 2020,1106312709,0,38286312
Thu Jan 23 09:59:51 2020,1106312754,1,45
Thu Jan 23 09:59:51 2020,1106312769,0,15
Thu Jan 23 09:59:51 2020,1106312898,1,129
Thu Jan 23 09:59:51 2020,1106313098,0,200
Thu Jan 23 09:59:52 2020,1107265926,1,952828
Thu Jan 23 09:59:52 2020,1107265956,0,30
Thu Jan 23 09:59:52 2020,1107266522,1,566
Thu Jan 23 09:59:52 2020,1107267521,0,999
Thu Jan 23 09:59:52 2020,1107267596,1,75
Thu Jan 23 10:34:31 2020,3186404573,0,2079136977
Thu Jan 23 10:34:31 2020,3186404598,1,25
Thu Jan 23 10:34:31 2020,3186404638,0,40
Thu Jan 23 10:34:31 2020,3186404728,1,90
Thu Jan 23 10:34:31 2020,3186405068,0,340
Thu Jan 23 10:34:31 2020,3186405193,1,125
Thu Jan 23 10:34:31 2020,3186405233,0,40
Thu Jan 23 10:34:31 2020,3186405418,1,185
Thu Jan 23 10:34:31 2020,3186405478,0,60
Thu Jan 23 10:34:32 2020,3187437701,1,1032223
Thu Jan 23 10:34:32 2020,3187437831,0,130
Thu Jan 23 10:34:32 2020,3187437876,1,45
Thu Jan 23 10:34:32 2020,3187437891,0,15
Thu Jan 23 10:34:32 2020,3187438186,1,295
Thu Jan 23 10:37:52 2020,3387812053,0,200373867
Thu Jan 23 10:37:52 2020,3387812058,1,5
Thu Jan 23 10:42:01 2020,3636476842,0,248664784
Thu Jan 23 10:42:01 2020,3636476862,1,20
Thu Jan 23 10:42:01 2020,3636477277,0,415
Thu Jan 23 10:42:01 2020,3636477327,1,50
Thu Jan 23 10:42:01 2020,3636477422,0,95
Thu Jan 23 10:42:01 2020,3636477572,1,150
Thu Jan 23 10:42:01 2020,3636477687,0,115
Thu Jan 23 10:43:31 2020,3726139669,1,89661982
Thu Jan 23 10:43:31 2020,3726139854,0,185
Thu Jan 23 10:43:31 2020,3726140024,1,170
Thu Jan 23 10:43:31 2020,3726140344,0,320
Thu Jan 23 10:43:31 2020,3726140489,1,145
Thu Jan 23 11:40:19 2020,2839277819,0,886862670
Thu Jan 23 11:40:19 2020,2839277834,1,15
Thu Jan 23 11:40:19 2020,2839277884,0,50
Thu Jan 23 11:40:19 2020,2839277984,1,100
Thu Jan 23 11:40:19 2020,2839278379,0,395
Thu Jan 23 11:40:19 2020,2839278409,1,30
Thu Jan 23 11:40:19 2020,2839278494,0,85
Thu Jan 23 11:40:19 2020,2839278539,1,45
Thu Jan 23 11:40:19 2020,2839278624,0,85
Thu Jan 23 11:40:20 2020,2840332316,1,1053692
Thu Jan 23 11:40:20 2020,2840332746,0,430
Thu Jan 23 11:40:20 2020,2840332796,1,50
Thu Jan 23 11:40:20 2020,2840333322,0,526
Thu Jan 23 11:40:20 2020,2840333357,1,35
Thu Jan 23 12:26:22 2020,1307875167,0,1532458190
Thu Jan 23 12:26:22 2020,1307875172,1,5
Thu Jan 23 12:26:22 2020,1307925312,0,50140
Thu Jan 23 12:26:22 2020,1307925317,1,5
Thu Jan 23 12:26:22 2020,1307967552,0,42235
Thu Jan 23 12:26:22 2020,1307967557,1,5
Thu Jan 23 13:52:14 2020,2164845075,0,856877518
Thu Jan 23 13:52:14 2020,2164845095,1,20
Thu Jan 23 13:52:14 2020,2164845145,0,50
Thu Jan 23 13:52:14 2020,2164845250,1,105
Thu Jan 23 13:52:14 2020,2164845710,0,460
Thu Jan 23 13:52:14 2020,2164845885,1,175
Thu Jan 23 13:52:14 2020,2164846145,0,260
Thu Jan 23 13:52:14 2020,2164846325,1,180
Thu Jan 23 13:52:14 2020,2164846400,0,75
Thu Jan 23 13:52:14 2020,2164846600,1,200
Thu Jan 23 13:52:14 2020,2164846625,0,25
Thu Jan 23 13:52:15 2020,2165844748,1,998123
Thu Jan 23 13:52:15 2020,2165845088,0,340
Thu Jan 23 13:52:15 2020,2165845098,1,10
Thu Jan 23 13:52:15 2020,2165845133,0,35
Thu Jan 23 13:52:15 2020,2165845188,1,55
Thu Jan 23 13:52:15 2020,2165845198,0,10
Thu Jan 23 13:52:15 2020,2165845233,1,35
Thu Jan 23 14:06:05 2020,2996098989,0,830253756
Thu Jan 23 14:06:05 2020,2996099004,1,15
Thu Jan 23 14:06:05 2020,2996099054,0,50
Thu Jan 23 14:06:05 2020,2996099159,1,105
Thu Jan 23 14:06:05 2020,2996099549,0,390
Thu Jan 23 14:06:05 2020,2996099569,1,20
Thu Jan 23 14:06:05 2020,2996099659,0,90
Thu Jan 23 14:06:05 2020,2996099784,1,125
Thu Jan 23 14:06:05 2020,2996099849,0,65
Thu Jan 23 14:06:06 2020,2997216432,1,1116583
Thu Jan 23 14:06:06 2020,2997216442,0,10
Thu Jan 23 14:06:06 2020,2997216852,1,410
Thu Jan 23 14:06:06 2020,2997217272,0,420
Thu Jan 23 14:06:06 2020,2997217322,1,50
Thu Jan 23 14:06:06 2020,2997217712,0,390
Thu Jan 23 14:06:06 2020,2997217722,1,10
Thu Jan 23 14:06:06 2020,2997217822,0,100
Thu Jan 23 14:06:06 2020,2997217832,1,10
Thu Jan 23 14:06:06 2020,2997217872,0,40
Thu Jan 23 14:06:06 2020,2997217922,1,50
Thu Jan 23 14:23:52 2020,4062922224,0,1065704302
Thu Jan 23 14:23:52 2020,4062922234,1,10
Thu Jan 23 14:23:52 2020,4062922289,0,55
Thu Jan 23 14:23:52 2020,4062922389,1,100
Thu Jan 23 14:23:52 2020,4062922819,0,430
Thu Jan 23 14:23:52 2020,4062922854,1,35
Thu Jan 23 14:23:52 2020,4062922889,0,35
Thu Jan 23 14:23:52 2020,4062923019,1,130
Thu Jan 23 14:23:52 2020,4062923194,0,175
Thu Jan 23 14:23:52 2020,4062923234,1,40
Thu Jan 23 14:23:52 2020,4062923279,0,45
Thu Jan 23 14:23:53 2020,4063866536,1,943257
Thu Jan 23 14:23:53 2020,4063866682,0,146
Thu Jan 23 14:23:53 2020,4063866697,1,15
Thu Jan 23 14:23:53 2020,4063867117,0,420
Thu Jan 23 14:23:53 2020,4063867147,1,30
Thu Jan 23 15:11:43 2020,2638871899,0,1424995248
Thu Jan 23 15:11:43 2020,2638871969,1,70
Thu Jan 23 15:11:43 2020,2638872364,0,395
Thu Jan 23 15:11:43 2020,2638872389,1,25
Thu Jan 23 15:11:43 2020,2638872444,0,55
Thu Jan 23 15:11:43 2020,2638872484,1,40
Thu Jan 23 15:11:43 2020,2638872504,0,20
Thu Jan 23 15:11:43 2020,2638872560,1,56
Thu Jan 23 15:11:43 2020,2638872704,0,144
Thu Jan 23 15:11:43 2020,2638872854,1,150
Thu Jan 23 15:11:43 2020,2638872864,0,10
Thu Jan 23 15:34:42 2020,4017564419,1,1378691555
Thu Jan 23 15:34:42 2020,4017564424,0,5
Thu Jan 23 16:03:29 2020,1450137825,1,2567426599
Thu Jan 23 16:03:29 2020,1450137830,0,5
Thu Jan 23 17:00:59 2020,604629839,1,845507991
Thu Jan 23 17:00:59 2020,604629929,0,90
Thu Jan 23 17:00:59 2020,604630004,1,75
Thu Jan 23 17:02:14 2020,680344506,0,75714502
Thu Jan 23 17:02:14 2020,680344511,1,5
Thu Jan 23 17:06:53 2020,959360917,0,279016406
Thu Jan 23 17:06:53 2020,959360922,1,5
Thu Jan 23 17:06:53 2020,959360932,0,10
Thu Jan 23 17:06:53 2020,959360977,1,45
Thu Jan 23 17:06:53 2020,959361413,0,436
Thu Jan 23 17:06:53 2020,959361433,1,20
Thu Jan 23 17:06:53 2020,959361488,0,55
Thu Jan 23 17:06:53 2020,959361498,1,10
Thu Jan 23 17:06:53 2020,959361518,0,20
Thu Jan 23 17:06:53 2020,959361542,1,24
Thu Jan 23 17:06:53 2020,959361557,0,15
Thu Jan 23 17:06:53 2020,959361602,1,45
Thu Jan 23 17:06:53 2020,959361842,0,240
Thu Jan 23 17:06:53 2020,959361887,1,45
Thu Jan 23 17:06:53 2020,959361892,0,5
Thu Jan 23 17:06:53 2020,959362077,1,185
Thu Jan 23 17:06:53 2020,959362087,0,10
Thu Jan 23 17:06:54 2020,960414615,1,1052528
Thu Jan 23 17:06:54 2020,960414900,0,285
Thu Jan 23 17:06:54 2020,960414930,1,30
Thu Jan 23 17:06:54 2020,960414995,0,65
Thu Jan 23 17:06:54 2020,960415065,1,70
Thu Jan 23 17:59:40 2020,4125614075,0,3165199010
Thu Jan 23 17:59:40 2020,4125614080,1,5
Thu Jan 23 17:59:40 2020,4125614241,0,161
Thu Jan 23 17:59:40 2020,4125614246,1,5
Thu Jan 23 18:03:48 2020,79135858,0,4046478388
Thu Jan 23 18:03:48 2020,79135863,1,5
Thu Jan 23 20:16:04 2020,3720511274,0,3641375411
Thu Jan 23 20:16:04 2020,3720511279,1,5
Thu Jan 23 20:25:27 2020,4283094288,0,562583009
Thu Jan 23 20:25:27 2020,4283094293,1,5
Thu Jan 23 20:38:14 2020,754948857,0,3528145436
Thu Jan 23 20:38:14 2020,754948862,1,5
Thu Jan 23 20:38:14 2020,754951542,0,2680
Thu Jan 23 20:38:14 2020,754951547,1,5
Fri Jan 24 03:32:00 2020,4106716901,0,3351765354
Fri Jan 24 03:32:00 2020,4106716906,1,5
Fri Jan 24 03:32:00 2020,4106716916,0,10
Fri Jan 24 03:32:00 2020,4106716921,1,5
Fri Jan 24 10:23:54 2020,3051286656,0,1055430265
Fri Jan 24 10:23:54 2020,3051286661,1,5
Fri Jan 24 11:31:58 2020,2840056055,0,211230606
Fri Jan 24 11:31:58 2020,2840056090,1,35
Fri Jan 24 11:31:58 2020,2840056120,0,30
Fri Jan 24 11:31:58 2020,2840056215,1,95
Fri Jan 24 11:31:58 2020,2840056721,0,506
Fri Jan 24 11:31:58 2020,2840056776,1,55
Fri Jan 24 11:31:58 2020,2840056800,0,24
Fri Jan 24 11:31:58 2020,2840056875,1,75
Fri Jan 24 11:31:58 2020,2840057001,0,126
Fri Jan 24 11:31:59 2020,2841038883,1,981882
Fri Jan 24 11:31:59 2020,2841038898,0,15
Fri Jan 24 11:31:59 2020,2841039203,1,305
Fri Jan 24 11:31:59 2020,2841039488,0,285
Fri Jan 24 11:31:59 2020,2841039523,1,35
Fri Jan 24 11:31:59 2020,2841039548,0,25
Fri Jan 24 11:31:59 2020,2841039733,1,185
Fri Jan 24 11:33:33 2020,2935173751,0,94134018
Fri Jan 24 11:33:33 2020,2935173781,1,30
Fri Jan 24 11:33:33 2020,2935173816,0,35
Fri Jan 24 11:33:33 2020,2935173911,1,95
Fri Jan 24 11:33:33 2020,2935174366,0,455
Fri Jan 24 11:33:33 2020,2935174551,1,185
Fri Jan 24 11:33:33 2020,2935174686,0,135
Fri Jan 24 11:33:33 2020,2935174761,1,75
Fri Jan 24 11:33:33 2020,2935174781,0,20
Fri Jan 24 11:33:33 2020,2935174851,1,70
Fri Jan 24 11:33:33 2020,2935174861,0,10
Fri Jan 24 11:33:34 2020,2936297189,1,1122328
Fri Jan 24 11:33:34 2020,2936297289,0,100
Fri Jan 24 11:33:34 2020,2936297319,1,30
Fri Jan 24 11:33:34 2020,2936297339,0,20
Fri Jan 24 11:33:34 2020,2936297384,1,45
Fri Jan 24 11:33:34 2020,2936297459,0,75
Fri Jan 24 11:33:34 2020,2936297609,1,150
Fri Jan 24 11:33:34 2020,2936297684,0,75
Fri Jan 24 11:33:34 2020,2936297784,1,100
Fri Jan 24 11:33:34 2020,2936297854,0,70
Fri Jan 24 11:33:34 2020,2936298014,1,160
Fri Jan 24 11:37:05 2020,3146869322,0,210571308
Fri Jan 24 11:37:05 2020,3146869347,1,25
Fri Jan 24 11:37:05 2020,3146869387,0,40
Fri Jan 24 11:37:05 2020,3146869477,1,90
Fri Jan 24 11:37:05 2020,3146869962,0,485
Fri Jan 24 11:37:05 2020,3146870007,1,45
Fri Jan 24 11:37:05 2020,3146870017,0,10
Fri Jan 24 11:37:05 2020,3146870087,1,70
Fri Jan 24 11:37:05 2020,3146870272,0,185
Fri Jan 24 11:37:05 2020,3146870327,1,55
Fri Jan 24 11:37:05 2020,3146870362,0,35
Fri Jan 24 11:37:06 2020,3147918215,1,1047853
Fri Jan 24 11:37:06 2020,3147918270,0,55
Fri Jan 24 11:37:06 2020,3147918595,1,325
Fri Jan 24 11:37:06 2020,3147918800,0,205
Fri Jan 24 11:37:06 2020,3147918985,1,185
Fri Jan 24 11:37:06 2020,3147919100,0,115
Fri Jan 24 11:37:06 2020,3147919165,1,65
Fri Jan 24 11:37:06 2020,3147919195,0,30
Fri Jan 24 11:37:06 2020,3147919385,1,190
Fri Jan 24 11:37:46 2020,3188131711,0,40212326
Fri Jan 24 11:37:46 2020,3188131731,1,20
Fri Jan 24 11:37:46 2020,3188131771,0,40
Fri Jan 24 11:37:46 2020,3188131867,1,96
Fri Jan 24 11:37:46 2020,3188132236,0,369
Fri Jan 24 11:37:46 2020,3188132286,1,50
Fri Jan 24 11:37:46 2020,3188132326,0,40
Fri Jan 24 11:37:46 2020,3188132451,1,125
Fri Jan 24 11:37:46 2020,3188132531,0,80
Fri Jan 24 11:37:47 2020,3189152970,1,1020439
Fri Jan 24 11:37:47 2020,3189153020,0,50
Fri Jan 24 11:37:47 2020,3189153374,1,354
Fri Jan 24 11:37:47 2020,3189153819,0,445
Fri Jan 24 11:37:47 2020,3189153829,1,10
Fri Jan 24 12:21:34 2020,1521486772,0,1667667057
Fri Jan 24 12:21:34 2020,1521486777,1,5
Fri Jan 24 13:38:05 2020,1817131670,0,295644893
Fri Jan 24 13:38:05 2020,1817131680,1,10
Fri Jan 24 13:38:05 2020,1817131740,0,60
Fri Jan 24 13:38:05 2020,1817131835,1,95
Fri Jan 24 13:38:05 2020,1817132270,0,435
Fri Jan 24 13:38:05 2020,1817132295,1,25
Fri Jan 24 13:38:05 2020,1817132345,0,50
Fri Jan 24 13:38:05 2020,1817132475,1,130
Fri Jan 24 13:38:05 2020,1817132670,0,195
Fri Jan 24 13:38:05 2020,1817132695,1,25
Fri Jan 24 13:38:05 2020,1817132730,0,35
Fri Jan 24 13:38:05 2020,1817132895,1,165
Fri Jan 24 13:38:05 2020,1817132930,0,35
Fri Jan 24 13:38:06 2020,1818157598,1,1024668
Fri Jan 24 13:38:06 2020,1818157708,0,110
Fri Jan 24 13:38:06 2020,1818157758,1,50
Fri Jan 24 13:38:06 2020,1818157768,0,10
Fri Jan 24 13:38:06 2020,1818157918,1,150
Fri Jan 24 13:38:06 2020,1818158118,0,200
Fri Jan 24 13:38:06 2020,1818158298,1,180
Fri Jan 24 13:38:06 2020,1818158523,0,225
Fri Jan 24 13:38:06 2020,1818158658,1,135
Fri Jan 24 13:56:28 2020,2920355282,0,1102196624
Fri Jan 24 13:56:28 2020,2920355292,1,10
Fri Jan 24 13:56:28 2020,2920355352,0,60
Fri Jan 24 13:56:28 2020,2920355447,1,95
Fri Jan 24 13:56:28 2020,2920355782,0,335
Fri Jan 24 13:56:28 2020,2920355842,1,60
Fri Jan 24 13:56:28 2020,2920355847,0,5
Fri Jan 24 13:56:28 2020,2920355917,1,70
Fri Jan 24 13:56:28 2020,2920356002,0,85
Fri Jan 24 13:56:28 2020,2920356073,1,71
Fri Jan 24 13:56:28 2020,2920356167,0,94
Fri Jan 24 13:56:28 2020,2920356207,1,40
Fri Jan 24 13:56:28 2020,2920356252,0,45
Fri Jan 24 13:56:28 2020,2920356432,1,180
Fri Jan 24 13:56:28 2020,2920356442,0,10
Fri Jan 24 13:56:28 2020,2920356672,1,230
Fri Jan 24 13:56:28 2020,2920356682,0,10
Fri Jan 24 13:56:29 2020,2921363870,1,1007188
Fri Jan 24 13:56:29 2020,2921363985,0,115
Fri Jan 24 13:56:29 2020,2921364210,1,225
Fri Jan 24 13:56:29 2020,2921364806,0,596
Fri Jan 24 13:56:29 2020,2921364836,1,30
Fri Jan 24 13:56:29 2020,2921364861,0,25
Fri Jan 24 13:56:29 2020,2921364915,1,54
Fri Jan 24 13:58:21 2020,3033073902,0,111708987
Fri Jan 24 13:58:21 2020,3033073912,1,10
Fri Jan 24 13:58:21 2020,3033073967,0,55
Fri Jan 24 13:58:21 2020,3033074067,1,100
Fri Jan 24 13:58:21 2020,3033074438,0,371
Fri Jan 24 13:58:21 2020,3033074503,1,65
Fri Jan 24 13:58:21 2020,3033074538,0,35
Fri Jan 24 13:58:21 2020,3033074603,1,65
Fri Jan 24 13:58:21 2020,3033074758,0,155
Fri Jan 24 13:58:21 2020,3033074783,1,25
Fri Jan 24 13:58:21 2020,3033074808,0,25
Fri Jan 24 13:58:21 2020,3033074883,1,75
Fri Jan 24 13:58:21 2020,3033074918,0,35
Fri Jan 24 13:58:21 2020,3033074987,1,69
Fri Jan 24 13:58:21 2020,3033074992,0,5
Fri Jan 24 13:58:21 2020,3033075197,1,205
Fri Jan 24 13:58:21 2020,3033075202,0,5
Fri Jan 24 13:58:22 2020,3034199865,1,1124663
Fri Jan 24 13:58:22 2020,3034200170,0,305
Fri Jan 24 13:58:22 2020,3034200226,1,56
Fri Jan 24 13:58:22 2020,3034200400,0,174
Fri Jan 24 13:58:22 2020,3034200550,1,150
Fri Jan 24 13:58:22 2020,3034200585,0,35
Fri Jan 24 13:58:22 2020,3034200640,1,55
Fri Jan 24 13:58:22 2020,3034200700,0,60
Fri Jan 24 13:58:22 2020,3034200905,1,205
Fri Jan 24 14:01:58 2020,3249798436,0,215597531
Fri Jan 24 14:01:58 2020,3249798446,1,10
Fri Jan 24 14:01:58 2020,3249798506,0,60
Fri Jan 24 14:01:58 2020,3249798601,1,95
Fri Jan 24 14:01:58 2020,3249798941,0,340
Fri Jan 24 14:01:58 2020,3249798977,1,36
Fri Jan 24 14:01:58 2020,3249799047,0,70
Fri Jan 24 14:01:58 2020,3249799096,1,49
Fri Jan 24 14:01:58 2020,3249799211,0,115
Fri Jan 24 14:01:58 2020,3249799236,1,25
Fri Jan 24 14:01:58 2020,3249799311,0,75
Fri Jan 24 14:01:59 2020,3250886604,1,1087293
Fri Jan 24 14:01:59 2020,3250886624,0,20
Fri Jan 24 14:01:59 2020,3250887084,1,460
Fri Jan 24 14:01:59 2020,3250887289,0,205
Fri Jan 24 14:01:59 2020,3250887294,1,5
Fri Jan 24 14:01:59 2020,3250887329,0,35
Fri Jan 24 14:01:59 2020,3250887439,1,110
Fri Jan 24 14:01:59 2020,3250887484,0,45
Fri Jan 24 14:01:59 2020,3250887534,1,50
Fri Jan 24 14:01:59 2020,3250887604,0,70
Fri Jan 24 14:01:59 2020,3250888034,1,430
Fri Jan 24 16:15:51 2020,2693636362,0,557251672
Fri Jan 24 16:15:51 2020,2693636367,1,5
Fri Jan 24 16:15:51 2020,2693636427,0,60
Fri Jan 24 16:15:51 2020,2693636527,1,100
Fri Jan 24 16:15:51 2020,2693636942,0,415
Fri Jan 24 16:15:51 2020,2693636962,1,20
Fri Jan 24 16:15:51 2020,2693637042,0,80
Fri Jan 24 16:15:51 2020,2693637092,1,50
Fri Jan 24 16:15:51 2020,2693637252,0,160
Fri Jan 24 16:15:51 2020,2693637397,1,145
Fri Jan 24 16:15:51 2020,2693637412,0,15
Fri Jan 24 16:15:51 2020,2693637662,1,250
Fri Jan 24 16:15:51 2020,2693637677,0,15
Fri Jan 24 16:15:52 2020,2694592089,1,954412
Fri Jan 24 16:15:52 2020,2694592219,0,130
Fri Jan 24 16:15:52 2020,2694592274,1,55
Fri Jan 24 16:15:52 2020,2694592294,0,20
Fri Jan 24 16:15:52 2020,2694592424,1,130
Fri Jan 24 16:15:52 2020,2694592499,0,75
Fri Jan 24 16:15:52 2020,2694592849,1,350
Fri Jan 24 16:15:52 2020,2694592879,0,30
Fri Jan 24 16:15:52 2020,2694593114,1,235
Fri Jan 24 17:31:59 2020,2966452637,0,271859523
Fri Jan 24 17:31:59 2020,2966452647,1,10
Fri Jan 24 17:31:59 2020,2966452672,0,25
Fri Jan 24 17:31:59 2020,2966452692,1,20
Fri Jan 24 17:31:59 2020,2966453352,0,660
Fri Jan 24 17:31:59 2020,2966453397,1,45
Fri Jan 24 17:31:59 2020,2966453452,0,55
Fri Jan 24 17:31:59 2020,2966453482,1,30
Fri Jan 24 17:31:59 2020,2966453517,0,35
Fri Jan 24 17:31:59 2020,2966453537,1,20
Fri Jan 24 17:31:59 2020,2966453582,0,45
Fri Jan 24 17:31:59 2020,2966453892,1,310
Fri Jan 24 17:31:59 2020,2966453907,0,15
Fri Jan 24 17:32:00 2020,2967557219,1,1103312
Fri Jan 24 17:32:00 2020,2967557274,0,55
Fri Jan 24 17:32:00 2020,2967557654,1,380
Fri Jan 24 17:32:00 2020,2967557729,0,75
Fri Jan 24 17:32:00 2020,2967558214,1,485
Fri Jan 24 21:13:27 2020,3369110943,0,401552729
Fri Jan 24 21:13:27 2020,3369110948,1,5
Sat Jan 25 03:51:47 2020,1500283019,0,1868827929
Sat Jan 25 03:51:47 2020,1500283024,1,5
Sat Jan 25 10:10:34 2020,2752260429,0,1251977405
Sat Jan 25 10:10:34 2020,2752260434,1,5
Sat Jan 25 10:26:29 2020,3706951350,0,954690916
Sat Jan 25 10:26:29 2020,3706951405,1,55
Sat Jan 25 10:26:29 2020,3706951905,0,500
Sat Jan 25 10:26:29 2020,3706951910,1,5
Sat Jan 25 10:26:29 2020,3706951965,0,55
Sat Jan 25 10:26:29 2020,3706951995,1,30
Sat Jan 25 10:26:29 2020,3706952010,0,15
Sat Jan 25 10:26:29 2020,3706952065,1,55
Sat Jan 25 10:26:29 2020,3706952145,0,80
Sat Jan 25 10:26:29 2020,3706952190,1,45
Sat Jan 25 10:26:29 2020,3706952195,0,5
Sat Jan 25 10:26:29 2020,3706952250,1,55
Sat Jan 25 10:26:29 2020,3706952260,0,10
Sat Jan 25 10:26:30 2020,3707906402,1,954142
Sat Jan 25 10:26:30 2020,3707906507,0,105
Sat Jan 25 10:26:30 2020,3707906657,1,150
Sat Jan 25 10:26:30 2020,3707907007,0,350
Sat Jan 25 10:26:30 2020,3707907067,1,60
Sat Jan 25 10:26:30 2020,3707907382,0,315
Sat Jan 25 10:26:30 2020,3707907447,1,65
Sat Jan 25 14:53:51 2020,2569317652,0,1138589795
Sat Jan 25 14:53:51 2020,2569317657,1,5
Sat Jan 25 16:39:32 2020,320768820,0,2248548837
Sat Jan 25 16:39:32 2020,320768825,1,5
Sat Jan 25 21:27:36 2020,424950891,0,104182066
Sat Jan 25 21:27:36 2020,424950896,1,5
Sun Jan 26 15:13:33 2020,4253183664,0,3828232768
Sun Jan 26 15:13:33 2020,4253183669,1,5
Sun Jan 26 15:13:33 2020,4253187904,0,4235
Sun Jan 26 15:13:33 2020,4253187909,1,5
Sun Jan 26 17:02:38 2020,2208333887,0,2044854022
Sun Jan 26 17:02:38 2020,2208333892,1,5
Mon Jan 27 06:44:41 2020,4286773554,0,2078439662
Mon Jan 27 06:44:41 2020,4286773559,1,5
Mon Jan 27 06:44:41 2020,4286773670,0,111
Mon Jan 27 06:44:41 2020,4286773675,1,5
Mon Jan 27 06:44:47 2020,4293403116,0,6629441
Mon Jan 27 06:44:47 2020,4293403121,1,5
Mon Jan 27 06:44:55 2020,6311585,0,4287091536
Mon Jan 27 06:44:55 2020,6311590,1,5
Mon Jan 27 06:44:55 2020,6311665,0,75
Mon Jan 27 06:44:55 2020,6311670,1,5
Mon Jan 27 06:44:55 2020,6311720,0,50
Mon Jan 27 06:44:55 2020,6311725,1,5
Mon Jan 27 12:08:02 2020,2213223412,0,2206911687
Mon Jan 27 12:08:02 2020,2213223442,1,30
Mon Jan 27 12:08:02 2020,2213223472,0,30
Mon Jan 27 12:08:02 2020,2213223562,1,90
Mon Jan 27 12:08:02 2020,2213224018,0,456
Mon Jan 27 12:08:02 2020,2213224198,1,180
Mon Jan 27 12:08:02 2020,2213224288,0,90
Mon Jan 27 12:08:03 2020,2214341680,1,1117392
Mon Jan 27 13:37:48 2020,3303937703,0,1089596023
Mon Jan 27 13:37:48 2020,3303937708,1,5
Mon Jan 27 13:37:48 2020,3304784719,0,847011
Mon Jan 27 13:37:48 2020,3304784724,1,5
Mon Jan 27 15:30:37 2020,1483747689,0,1821037035
Mon Jan 27 15:30:37 2020,1483747694,1,5
Mon Jan 27 15:30:37 2020,1483747724,0,30
Mon Jan 27 15:30:37 2020,1483747739,1,15
Mon Jan 27 15:30:37 2020,1483748299,0,560
Mon Jan 27 15:30:37 2020,1483748379,1,80
Mon Jan 27 15:30:37 2020,1483748729,0,350
Mon Jan 27 15:30:37 2020,1483748734,1,5
Mon Jan 27 15:30:37 2020,1483748824,0,90
Mon Jan 27 15:30:37 2020,1483748874,1,50
Mon Jan 27 15:30:37 2020,1483748899,0,25
Mon Jan 27 15:30:37 2020,1483748969,1,70
Mon Jan 27 15:30:37 2020,1483748979,0,10
Mon Jan 27 15:30:37 2020,1483749024,1,45
Mon Jan 27 15:30:37 2020,1483749054,0,30
Mon Jan 27 15:30:37 2020,1483749105,1,51
Mon Jan 27 15:30:37 2020,1483749125,0,20
Mon Jan 27 15:30:38 2020,1484749426,1,1000301
Mon Jan 27 15:30:38 2020,1484749456,0,30
Mon Jan 27 15:30:38 2020,1484749801,1,345
Mon Jan 27 15:30:38 2020,1484750522,0,721
Mon Jan 27 15:30:38 2020,1484750547,1,25
Mon Jan 27 15:30:38 2020,1484750552,0,5
Mon Jan 27 15:30:38 2020,1484750557,1,5
Mon Jan 27 15:30:38 2020,1484750602,0,45
Mon Jan 27 15:30:38 2020,1484750692,1,90
Mon Jan 27 15:30:38 2020,1484750727,0,35
Mon Jan 27 15:30:38 2020,1484750862,1,135
Mon Jan 27 17:21:17 2020,3828606978,0,2343856116
Mon Jan 27 17:21:17 2020,3828607073,1,95
Mon Jan 27 17:21:17 2020,3828607498,0,425
Mon Jan 27 17:21:17 2020,3828607698,1,200
Mon Jan 27 17:21:17 2020,3828607963,0,265
Mon Jan 27 17:21:17 2020,3828608378,1,415
Mon Jan 27 17:21:17 2020,3828608408,0,30
Mon Jan 27 17:21:18 2020,3829619871,1,1011463
Mon Jan 27 17:21:18 2020,3829620265,0,394
Mon Jan 27 17:21:18 2020,3829620345,1,80
Mon Jan 27 17:21:18 2020,3829620825,0,480
Mon Jan 27 17:21:18 2020,3829620931,1,106
Mon Jan 27 17:22:10 2020,3882033133,0,52412202
Mon Jan 27 17:22:10 2020,3882033143,1,10
Mon Jan 27 17:22:10 2020,3882033173,0,30
Mon Jan 27 17:22:10 2020,3882033178,1,5
Mon Jan 27 17:22:10 2020,3882033208,0,30
Mon Jan 27 17:22:10 2020,3882033223,1,15
Mon Jan 27 17:22:10 2020,3882033288,0,65
Mon Jan 27 17:22:10 2020,3882033293,1,5
Mon Jan 27 17:22:10 2020,3882033328,0,35
Mon Jan 27 17:22:10 2020,3882033333,1,5
Mon Jan 27 17:22:10 2020,3882033458,0,125
Mon Jan 27 17:22:10 2020,3882033463,1,5
Mon Jan 27 17:22:10 2020,3882033478,0,15
Mon Jan 27 17:22:10 2020,3882033483,1,5
Mon Jan 27 17:22:10 2020,3882033523,0,40
Mon Jan 27 17:22:10 2020,3882033528,1,5
Mon Jan 27 17:22:10 2020,3882033538,0,10
Mon Jan 27 17:22:10 2020,3882033543,1,5
Mon Jan 27 17:22:10 2020,3882033568,0,25
Mon Jan 27 17:22:10 2020,3882033573,1,5
Mon Jan 27 17:22:10 2020,3882033668,0,95
Mon Jan 27 17:22:10 2020,3882033673,1,5
Mon Jan 27 17:22:10 2020,3882033678,0,5
Mon Jan 27 17:22:10 2020,3882033688,1,10
Mon Jan 27 17:22:10 2020,3882033693,0,5
Mon Jan 27 17:22:10 2020,3882033698,1,5
Mon Jan 27 17:22:10 2020,3882033708,0,10
Mon Jan 27 17:22:10 2020,3882033713,1,5
Mon Jan 27 17:22:10 2020,3882033723,0,10
Mon Jan 27 17:22:10 2020,3882033728,1,5
Mon Jan 27 17:22:10 2020,3882033738,0,10
Mon Jan 27 17:22:10 2020,3882033743,1,5
Mon Jan 27 17:22:10 2020,3882034093,0,350
Mon Jan 27 17:22:10 2020,3882034098,1,5
Mon Jan 27 17:22:10 2020,3882034118,0,20
Mon Jan 27 17:22:10 2020,3882034123,1,5
Mon Jan 27 17:22:10 2020,3882034143,0,20
Mon Jan 27 17:22:10 2020,3882034148,1,5
Mon Jan 27 17:22:10 2020,3882034258,0,110
Mon Jan 27 17:22:10 2020,3882034263,1,5
Mon Jan 27 17:22:10 2020,3882034548,0,285
Mon Jan 27 17:22:10 2020,3882034553,1,5
Mon Jan 27 17:22:10 2020,3882034563,0,10
Mon Jan 27 17:22:10 2020,3882034568,1,5
Mon Jan 27 17:22:10 2020,3882034613,0,45
Mon Jan 27 17:22:10 2020,3882034618,1,5
Mon Jan 27 17:22:10 2020,3882034648,0,30
Mon Jan 27 17:22:10 2020,3882034653,1,5
Mon Jan 27 17:22:10 2020,3882034673,0,20
Mon Jan 27 17:22:10 2020,3882034678,1,5
Mon Jan 27 17:22:10 2020,3882034738,0,60
Mon Jan 27 17:22:10 2020,3882034743,1,5
Mon Jan 27 17:22:10 2020,3882035113,0,370
Mon Jan 27 17:22:10 2020,3882035118,1,5
Mon Jan 27 17:22:10 2020,3882035288,0,170
Mon Jan 27 17:22:10 2020,3882035293,1,5
Mon Jan 27 17:22:11 2020,3882035463,0,170
Mon Jan 27 17:22:11 2020,3882035468,1,5
Mon Jan 27 17:22:11 2020,3882035493,0,25
Mon Jan 27 17:22:11 2020,3882035498,1,5
Mon Jan 27 17:22:11 2020,3882035628,0,130
Mon Jan 27 17:22:11 2020,3882035633,1,5
Mon Jan 27 17:22:11 2020,3882036043,0,410
Mon Jan 27 17:22:11 2020,3882036048,1,5
Mon Jan 27 17:22:11 2020,3882036098,0,50
Mon Jan 27 17:22:11 2020,3882036103,1,5
Mon Jan 27 17:30:12 2020,68747016,0,3813289087
Mon Jan 27 17:30:12 2020,68747021,1,5
Mon Jan 27 17:30:12 2020,68747086,0,65
Mon Jan 27 17:30:12 2020,68747181,1,95
Mon Jan 27 17:30:12 2020,68747531,0,350
Mon Jan 27 17:30:12 2020,68747551,1,20
Mon Jan 27 17:30:12 2020,68747636,0,85
Mon Jan 27 17:30:12 2020,68747701,1,65
Mon Jan 27 17:30:12 2020,68747731,0,30
Mon Jan 27 17:30:12 2020,68747771,1,40
Mon Jan 27 17:30:12 2020,68747851,0,80
Mon Jan 27 17:30:12 2020,68747881,1,30
Mon Jan 27 17:30:12 2020,68747931,0,50
Mon Jan 27 17:30:12 2020,68747986,1,55
Mon Jan 27 17:30:12 2020,68747991,0,5
Mon Jan 27 17:30:12 2020,68748366,1,375
Mon Jan 27 17:30:12 2020,68748371,0,5
Mon Jan 27 17:30:13 2020,69788629,1,1040258
Mon Jan 27 17:30:13 2020,69789169,0,540
Mon Jan 27 17:30:13 2020,69789189,1,20
Mon Jan 27 17:30:13 2020,69789319,0,130
Mon Jan 27 17:30:13 2020,69789354,1,35
Mon Jan 27 17:30:13 2020,69789674,0,320
Mon Jan 27 17:30:13 2020,69789774,1,100
Mon Jan 27 17:31:17 2020,133866131,0,64076357
Mon Jan 27 17:31:17 2020,133866136,1,5
Mon Jan 27 17:31:17 2020,133866196,0,60
Mon Jan 27 17:31:17 2020,133866201,1,5
Mon Jan 27 17:31:17 2020,133866231,0,30
Mon Jan 27 17:31:17 2020,133866241,1,10
Mon Jan 27 17:31:17 2020,133866276,0,35
Mon Jan 27 17:31:17 2020,133866286,1,10
Mon Jan 27 17:31:17 2020,133866291,0,5
Mon Jan 27 17:31:17 2020,133866296,1,5
Mon Jan 27 17:31:17 2020,133866316,0,20
Mon Jan 27 17:31:17 2020,133866321,1,5
Mon Jan 27 17:31:17 2020,133866376,0,55
Mon Jan 27 17:31:17 2020,133866381,1,5
Mon Jan 27 17:31:17 2020,133866446,0,65
Mon Jan 27 17:31:17 2020,133866451,1,5
Mon Jan 27 17:31:17 2020,133866506,0,55
Mon Jan 27 17:31:17 2020,133866511,1,5
Mon Jan 27 17:31:17 2020,133866526,0,15
Mon Jan 27 17:31:17 2020,133866531,1,5
Mon Jan 27 17:31:17 2020,133866596,0,65
Mon Jan 27 17:31:17 2020,133866601,1,5
Mon Jan 27 17:52:21 2020,1397459434,0,1263592833
Mon Jan 27 17:52:21 2020,1397459439,1,5
Mon Jan 27 18:07:32 2020,2308251084,0,910791645
Mon Jan 27 18:07:32 2020,2308251089,1,5
Mon Jan 27 22:20:12 2020,288880525,0,2019370564
Mon Jan 27 22:20:12 2020,288880560,1,35
Mon Jan 27 22:20:12 2020,288880590,0,30
Mon Jan 27 22:20:12 2020,288880680,1,90
Mon Jan 27 22:20:12 2020,288881130,0,450
Mon Jan 27 22:20:12 2020,288881305,1,175
Mon Jan 27 22:20:12 2020,288881485,0,180
Mon Jan 27 22:20:12 2020,288881530,1,45
Mon Jan 27 22:20:12 2020,288881540,0,10
Mon Jan 27 22:20:12 2020,288881905,1,365
Mon Jan 27 22:20:12 2020,288881920,0,15
Mon Jan 27 22:20:13 2020,289902368,1,1020448
Mon Jan 27 22:20:13 2020,289902428,0,60
Mon Jan 27 22:20:13 2020,289902813,1,385
Mon Jan 27 22:20:13 2020,289903048,0,235
Mon Jan 27 22:20:13 2020,289903078,1,30
Mon Jan 27 22:20:13 2020,289903118,0,40
Mon Jan 27 22:20:13 2020,289903373,1,255
Mon Jan 27 22:20:13 2020,289903528,0,155
Mon Jan 27 22:20:13 2020,289903568,1,40
Mon Jan 27 22:21:20 2020,356816957,0,66913389
Mon Jan 27 22:21:20 2020,356816962,1,5
Tue Jan 28 07:30:52 2020,3264788522,0,2907971560
Tue Jan 28 07:30:52 2020,3264788527,1,5
Tue Jan 28 08:42:49 2020,3286978767,0,22190240
Tue Jan 28 08:42:49 2020,3286978772,1,5
Tue Jan 28 08:42:49 2020,3286978957,0,185
Tue Jan 28 08:42:49 2020,3286978962,1,5
Tue Jan 28 11:20:39 2020,4166768472,0,879789510
Tue Jan 28 11:20:39 2020,4166768477,1,5
Tue Jan 28 11:20:39 2020,4166768482,0,5
Tue Jan 28 11:20:39 2020,4166768532,1,50
Tue Jan 28 11:20:39 2020,4166768997,0,465
Tue Jan 28 11:20:39 2020,4166769022,1,25
Tue Jan 28 11:20:39 2020,4166769037,0,15
Tue Jan 28 11:20:39 2020,4166769137,1,100
Tue Jan 28 11:20:39 2020,4166769312,0,175
Tue Jan 28 11:20:39 2020,4166769342,1,30
Tue Jan 28 11:20:39 2020,4166769407,0,65
Tue Jan 28 11:20:39 2020,4166769437,1,30
Tue Jan 28 11:20:39 2020,4166769472,0,35
Tue Jan 28 11:20:39 2020,4166769732,1,260
Tue Jan 28 11:20:39 2020,4166769757,0,25
Tue Jan 28 11:20:40 2020,4167761455,1,991698
Tue Jan 28 11:20:40 2020,4167761845,0,390
Tue Jan 28 11:20:40 2020,4167761915,1,70
Tue Jan 28 11:20:40 2020,4167762210,0,295
Tue Jan 28 11:20:40 2020,4167762275,1,65
Tue Jan 28 11:48:06 2020,1519097380,0,2648664895
Tue Jan 28 11:48:06 2020,1519097385,1,5
Tue Jan 28 11:48:06 2020,1519097570,0,185
Tue Jan 28 11:48:06 2020,1519097575,1,5
Tue Jan 28 13:46:39 2020,41614140,0,1477483435
Tue Jan 28 13:46:39 2020,41614240,1,100
Tue Jan 28 13:46:39 2020,41614600,0,360
Tue Jan 28 13:46:39 2020,41614615,1,15
Tue Jan 28 13:46:39 2020,41614730,0,115
Tue Jan 28 13:46:39 2020,41615000,1,270
Tue Jan 28 13:46:39 2020,41615030,0,30
Tue Jan 28 13:46:40 2020,42731092,1,1116062
Tue Jan 28 13:46:40 2020,42731792,0,700
Tue Jan 28 13:46:40 2020,42731817,1,25
Tue Jan 28 13:46:40 2020,42731842,0,25
Tue Jan 28 13:46:40 2020,42731882,1,40
Tue Jan 28 13:46:40 2020,42732022,0,140
Tue Jan 28 13:46:40 2020,42732177,1,155
Tue Jan 28 13:48:02 2020,124522804,0,81790627
Tue Jan 28 13:48:02 2020,124522814,1,10
Tue Jan 28 13:48:02 2020,124522869,0,55
Tue Jan 28 13:48:02 2020,124522976,1,107
Tue Jan 28 13:48:02 2020,124523354,0,378
Tue Jan 28 13:48:02 2020,124523364,1,10
Tue Jan 28 13:48:02 2020,124523429,0,65
Tue Jan 28 13:48:02 2020,124523470,1,41
Tue Jan 28 13:48:02 2020,124523485,0,15
Tue Jan 28 13:48:02 2020,124523565,1,80
Tue Jan 28 13:48:02 2020,124523755,0,190
Tue Jan 28 13:48:02 2020,124523800,1,45
Tue Jan 28 13:48:02 2020,124523839,0,39
Tue Jan 28 13:48:03 2020,125535418,1,1011579
Tue Jan 28 13:48:03 2020,125535557,0,139
Tue Jan 28 13:48:03 2020,125535597,1,40
Tue Jan 28 13:48:03 2020,125535602,0,5
Tue Jan 28 13:48:03 2020,125536557,1,955
Tue Jan 28 13:59:51 2020,833480633,0,707944076
Tue Jan 28 13:59:51 2020,833480638,1,5
Tue Jan 28 14:58:03 2020,30786836,0,802693802
Tue Jan 28 14:58:03 2020,30786846,1,10
Tue Jan 28 14:58:03 2020,30786901,0,55
Tue Jan 28 14:58:03 2020,30787001,1,100
Tue Jan 28 14:58:03 2020,30787366,0,365
Tue Jan 28 14:58:03 2020,30787376,1,10
Tue Jan 28 14:58:03 2020,30787381,0,5
Tue Jan 28 14:58:03 2020,30787572,1,191
Tue Jan 28 14:58:03 2020,30787712,0,140
Tue Jan 28 14:58:03 2020,30787847,1,135
Tue Jan 28 14:58:03 2020,30787877,0,30
Tue Jan 28 14:58:03 2020,30788171,1,294
Tue Jan 28 14:58:03 2020,30788181,0,10
Tue Jan 28 14:58:04 2020,31819274,1,1031093
Tue Jan 28 14:58:04 2020,31819489,0,215
Tue Jan 28 14:58:04 2020,31819644,1,155
Tue Jan 28 14:58:04 2020,31819749,0,105
Tue Jan 28 14:58:04 2020,31819794,1,45
Tue Jan 28 14:58:04 2020,31819819,0,25
Tue Jan 28 14:58:04 2020,31819874,1,55
Tue Jan 28 14:58:04 2020,31819969,0,95
Tue Jan 28 14:58:04 2020,31820174,1,205
Tue Jan 28 15:23:28 2020,1555570205,0,1523750031
Tue Jan 28 15:23:28 2020,1555570210,1,5
Tue Jan 28 15:23:28 2020,1555570271,0,61
Tue Jan 28 15:23:28 2020,1555570371,1,100
Tue Jan 28 15:23:28 2020,1555570770,0,399
Tue Jan 28 15:23:28 2020,1555570775,1,5
Tue Jan 28 15:23:28 2020,1555570870,0,95
Tue Jan 28 15:23:28 2020,1555570995,1,125
Tue Jan 28 15:23:28 2020,1555571200,0,205
Tue Jan 28 15:23:28 2020,1555571646,1,446
Tue Jan 28 15:23:28 2020,1555571651,0,5
Tue Jan 28 15:23:29 2020,1556691233,1,1119582
Tue Jan 28 15:23:29 2020,1556691433,0,200
Tue Jan 28 15:23:29 2020,1556691608,1,175
Tue Jan 28 15:23:29 2020,1556691733,0,125
Tue Jan 28 15:23:29 2020,1556692288,1,555
Tue Jan 28 15:23:29 2020,1556692318,0,30
Tue Jan 28 15:23:29 2020,1556692403,1,85
Tue Jan 28 16:22:14 2020,786605373,0,770087030
Tue Jan 28 16:22:14 2020,786605378,1,5
Tue Jan 28 16:22:14 2020,786605388,0,10
Tue Jan 28 16:22:14 2020,786605433,1,45
Tue Jan 28 16:22:14 2020,786605974,0,541
Tue Jan 28 16:22:14 2020,786606034,1,60
Tue Jan 28 16:22:14 2020,786606254,0,220
Tue Jan 28 16:22:14 2020,786606329,1,75
Tue Jan 28 16:22:14 2020,786606334,0,5
Tue Jan 28 16:22:14 2020,786606374,1,40
Tue Jan 28 16:22:14 2020,786606389,0,15
Tue Jan 28 16:22:15 2020,787581651,1,975262
Tue Jan 28 16:22:15 2020,787581726,0,75
Tue Jan 28 16:22:15 2020,787582146,1,420
Tue Jan 28 16:22:15 2020,787582286,0,140
Tue Jan 28 16:22:15 2020,787582511,1,225
Tue Jan 28 17:13:28 2020,3861349510,0,3073766999
Tue Jan 28 17:13:28 2020,3861349515,1,5
Tue Jan 28 17:14:11 2020,3904352939,0,43003424
Tue Jan 28 17:14:11 2020,3904353034,1,95
Tue Jan 28 17:14:11 2020,3904353459,0,425
Tue Jan 28 17:14:11 2020,3904353624,1,165
Tue Jan 28 17:14:11 2020,3904353794,0,170
Tue Jan 28 17:14:11 2020,3904353824,1,30
Tue Jan 28 17:14:11 2020,3904353864,0,40
Tue Jan 28 17:14:11 2020,3904353929,1,65
Tue Jan 28 17:14:11 2020,3904353939,0,10
Tue Jan 28 17:14:12 2020,3905308197,1,954258
Tue Jan 28 17:14:12 2020,3905308507,0,310
Tue Jan 28 17:14:12 2020,3905308537,1,30
Tue Jan 28 17:14:12 2020,3905308572,0,35
Tue Jan 28 17:14:12 2020,3905308647,1,75
Tue Jan 28 17:14:12 2020,3905308987,0,340
Tue Jan 28 17:14:12 2020,3905309017,1,30
Tue Jan 28 18:32:39 2020,21819906,0,3883489111
Tue Jan 28 18:32:39 2020,21819911,1,5
Tue Jan 28 18:32:39 2020,21819976,0,65
Tue Jan 28 18:32:39 2020,21820076,1,100
Tue Jan 28 18:32:39 2020,21820467,0,391
Tue Jan 28 18:32:39 2020,21820502,1,35
Tue Jan 28 18:32:39 2020,21820572,0,70
Tue Jan 28 18:32:39 2020,21820617,1,45
Tue Jan 28 18:32:39 2020,21820817,0,200
Tue Jan 28 18:32:39 2020,21820847,1,30
Tue Jan 28 18:32:39 2020,21820932,0,85
Tue Jan 28 18:32:39 2020,21820982,1,50
Tue Jan 28 18:32:39 2020,21821001,0,19
Tue Jan 28 18:32:40 2020,22854884,1,1033883
Tue Jan 28 18:32:40 2020,22855259,0,375
Tue Jan 28 18:32:40 2020,22855359,1,100
Tue Jan 28 18:32:40 2020,22855424,0,65
Tue Jan 28 18:32:40 2020,22855459,1,35
Tue Jan 28 18:32:40 2020,22855489,0,30
Tue Jan 28 18:32:40 2020,22855529,1,40
Tue Jan 28 18:32:40 2020,22855549,0,20
Tue Jan 28 18:32:40 2020,22855989,1,440
Tue Jan 28 19:07:45 2020,2128030867,0,2105174878
Tue Jan 28 19:07:45 2020,2128030872,1,5
Tue Jan 28 22:44:55 2020,2273275347,0,145244475
Tue Jan 28 22:44:55 2020,2273275352,1,5
Wed Jan 29 00:39:23 2020,551869414,0,1721405938
Wed Jan 29 00:39:23 2020,551869419,1,5
Wed Jan 29 00:39:23 2020,551869474,0,55
Wed Jan 29 00:39:23 2020,551869479,1,5
Wed Jan 29 05:35:09 2020,1117613708,0,565744229
Wed Jan 29 05:35:09 2020,1117613713,1,5
Wed Jan 29 08:06:18 2020,1597424536,0,479810823
Wed Jan 29 08:06:18 2020,1597424541,1,5
Wed Jan 29 09:03:40 2020,743798389,0,853626152
Wed Jan 29 09:03:40 2020,743798394,1,5
Wed Jan 29 10:59:41 2020,3410145187,0,2666346793
Wed Jan 29 10:59:41 2020,3410145222,1,35
Wed Jan 29 10:59:41 2020,3410145252,0,30
Wed Jan 29 10:59:41 2020,3410145342,1,90
Wed Jan 29 10:59:41 2020,3410145347,0,5
Wed Jan 29 10:59:41 2020,3410145352,1,5
Wed Jan 29 10:59:41 2020,3410145782,0,430
Wed Jan 29 10:59:41 2020,3410145962,1,180
Wed Jan 29 10:59:41 2020,3410146062,0,100
Wed Jan 29 10:59:42 2020,3411148230,1,1002168
Wed Jan 29 10:59:42 2020,3411148305,0,75
Wed Jan 29 10:59:42 2020,3411148380,1,75
Wed Jan 29 10:59:42 2020,3411148630,0,250
Wed Jan 29 10:59:42 2020,3411148765,1,135
Wed Jan 29 11:04:33 2020,3701926861,0,290778096
Wed Jan 29 11:04:33 2020,3701926906,1,45
Wed Jan 29 11:04:33 2020,3701927386,0,480
Wed Jan 29 11:04:33 2020,3701927392,1,6
Wed Jan 29 11:04:33 2020,3701927432,0,40
Wed Jan 29 11:04:33 2020,3701927541,1,109
Wed Jan 29 11:04:33 2020,3701927716,0,175
Wed Jan 29 11:04:33 2020,3701927751,1,35
Wed Jan 29 11:04:33 2020,3701927831,0,80
Wed Jan 29 11:04:34 2020,3702918288,1,990457
Wed Jan 29 11:04:34 2020,3702918674,0,386
Wed Jan 29 11:04:34 2020,3702918734,1,60
Wed Jan 29 11:04:34 2020,3702918739,0,5
Wed Jan 29 11:04:34 2020,3702918798,1,59
Wed Jan 29 16:28:48 2020,1682316070,0,2020602728
Wed Jan 29 16:28:48 2020,1682316085,1,15
Wed Jan 29 16:28:48 2020,1682316140,0,55
Wed Jan 29 16:28:48 2020,1682316195,1,55
Wed Jan 29 16:28:48 2020,1682316215,0,20
Wed Jan 29 16:28:48 2020,1682316240,1,25
Wed Jan 29 16:28:48 2020,1682316445,0,205
Wed Jan 29 16:28:48 2020,1682316460,1,15
Wed Jan 29 16:28:48 2020,1682316595,0,135
Wed Jan 29 16:28:48 2020,1682316620,1,25
Wed Jan 29 16:28:48 2020,1682316790,0,170
Wed Jan 29 16:28:48 2020,1682316860,1,70
Wed Jan 29 16:28:48 2020,1682316925,0,65
Wed Jan 29 16:28:48 2020,1682316995,1,70
Wed Jan 29 16:28:48 2020,1682317050,0,55
Wed Jan 29 16:28:49 2020,1683249223,1,932173
Wed Jan 29 16:28:49 2020,1683249583,0,360
Wed Jan 29 16:28:49 2020,1683249618,1,35
Wed Jan 29 16:28:49 2020,1683249643,0,25
Wed Jan 29 16:28:49 2020,1683249693,1,50
Wed Jan 29 16:28:49 2020,1683250183,0,490
Wed Jan 29 16:28:49 2020,1683250218,1,35
Wed Jan 29 16:28:49 2020,1683250273,0,55
Wed Jan 29 16:28:49 2020,1683250328,1,55
Wed Jan 29 16:33:17 2020,1951648862,0,268398534
Wed Jan 29 16:33:17 2020,1951648872,1,10
Wed Jan 29 16:33:17 2020,1951648897,0,25
Wed Jan 29 16:33:17 2020,1951648912,1,15
Wed Jan 29 16:33:17 2020,1951649452,0,540
Wed Jan 29 16:33:17 2020,1951649457,1,5
Wed Jan 29 16:33:17 2020,1951649502,0,45
Wed Jan 29 16:33:17 2020,1951649562,1,60
Wed Jan 29 16:33:17 2020,1951649882,0,320
Wed Jan 29 16:33:17 2020,1951649982,1,100
Wed Jan 29 16:33:17 2020,1951649987,0,5
Wed Jan 29 16:33:18 2020,1952644184,1,994197
Wed Jan 29 16:33:18 2020,1952644630,0,446
Wed Jan 29 16:33:18 2020,1952644655,1,25
Wed Jan 29 16:33:18 2020,1952645059,0,404
Wed Jan 29 16:33:18 2020,1952645109,1,50
Wed Jan 29 16:33:18 2020,1952645119,0,10
Wed Jan 29 16:33:18 2020,1952645194,1,75
Wed Jan 29 16:52:42 2020,3116282674,0,1163637480
Wed Jan 29 16:52:42 2020,3116282679,1,5
Wed Jan 29 17:45:32 2020,1991188756,0,1125093923
Wed Jan 29 17:45:32 2020,1991188761,1,5
Wed Jan 29 17:45:32 2020,1991188791,0,30
Wed Jan 29 17:45:32 2020,1991188796,1,5
Wed Jan 29 17:45:32 2020,1991188816,0,20
Wed Jan 29 17:45:32 2020,1991188821,1,5
Wed Jan 29 17:50:53 2020,2312203204,0,321014383
Wed Jan 29 17:50:53 2020,2312203219,1,15
Wed Jan 29 17:50:53 2020,2312203274,0,55
Wed Jan 29 17:50:53 2020,2312203369,1,95
Wed Jan 29 17:50:53 2020,2312203729,0,360
Wed Jan 29 17:50:53 2020,2312203764,1,35
Wed Jan 29 17:50:53 2020,2312203879,0,115
Wed Jan 29 17:50:53 2020,2312204084,1,205
Wed Jan 29 17:50:53 2020,2312204114,0,30
Wed Jan 29 17:50:53 2020,2312204164,1,50
Wed Jan 29 17:50:53 2020,2312204174,0,10
Wed Jan 29 17:50:54 2020,2313157931,1,953757
Wed Jan 29 17:50:54 2020,2313158096,0,165
Wed Jan 29 17:50:54 2020,2313158111,1,15
Wed Jan 29 17:50:54 2020,2313158136,0,25
Wed Jan 29 17:50:54 2020,2313158251,1,115
Wed Jan 29 17:50:54 2020,2313158261,0,10
Wed Jan 29 17:50:54 2020,2313158391,1,130
Wed Jan 29 17:50:54 2020,2313158586,0,195
Wed Jan 29 17:50:54 2020,2313158591,1,5
Wed Jan 29 17:50:54 2020,2313158626,0,35
Wed Jan 29 17:50:54 2020,2313158731,1,105
Wed Jan 29 17:50:54 2020,2313158736,0,5
Wed Jan 29 17:50:54 2020,2313158776,1,40
Wed Jan 29 18:03:09 2020,3048449862,0,735291086
Wed Jan 29 18:03:09 2020,3048449867,1,5
Wed Jan 29 18:18:53 2020,3992346201,0,943896334
Wed Jan 29 18:18:53 2020,3992346206,1,5
Wed Jan 29 18:18:53 2020,3992346231,0,25
Wed Jan 29 18:18:53 2020,3992346236,1,5
Wed Jan 29 18:33:06 2020,550537225,0,3441809011
Wed Jan 29 18:33:06 2020,550537230,1,5
Wed Jan 29 18:34:17 2020,622082090,0,71544860
Wed Jan 29 18:34:17 2020,622082100,1,10
Wed Jan 29 18:34:17 2020,622082160,0,60
Wed Jan 29 18:34:17 2020,622082256,1,96
Wed Jan 29 18:34:17 2020,622082635,0,379
Wed Jan 29 18:34:17 2020,622082655,1,20
Wed Jan 29 18:34:17 2020,622082756,0,101
Wed Jan 29 18:34:17 2020,622082841,1,85
Wed Jan 29 18:34:17 2020,622082875,0,34
Wed Jan 29 18:34:17 2020,622082925,1,50
Wed Jan 29 18:34:17 2020,622082965,0,40
Wed Jan 29 18:34:19 2020,623195898,1,1112933
Wed Jan 29 18:34:19 2020,623196228,0,330
Wed Jan 29 18:34:19 2020,623196258,1,30
Wed Jan 29 18:34:19 2020,623196278,0,20
Wed Jan 29 18:34:19 2020,623196403,1,125
Wed Jan 29 18:34:19 2020,623196574,0,171
Wed Jan 29 18:34:19 2020,623196628,1,54
Wed Jan 29 18:34:19 2020,623196648,0,20
Wed Jan 29 18:34:19 2020,623196958,1,310
Wed Jan 29 18:34:57 2020,661620550,0,38423592
Wed Jan 29 18:34:57 2020,661620555,1,5
Wed Jan 29 18:34:57 2020,661620605,0,50
Wed Jan 29 18:34:57 2020,661620610,1,5
Wed Jan 29 18:34:57 2020,661620650,0,40
Wed Jan 29 18:34:57 2020,661620655,1,5
Wed Jan 29 18:34:57 2020,661620720,0,65
Wed Jan 29 18:34:57 2020,661620730,1,10
Wed Jan 29 18:34:57 2020,661620885,0,155
Wed Jan 29 18:34:57 2020,661620890,1,5
Wed Jan 29 18:41:20 2020,1044279334,0,382658444
Wed Jan 29 18:41:20 2020,1044279339,1,5
Wed Jan 29 18:41:20 2020,1044279344,0,5
Wed Jan 29 18:41:20 2020,1044279349,1,5
Wed Jan 29 20:41:29 2020,3959133165,0,2914853816
Wed Jan 29 20:41:29 2020,3959133170,1,5
Wed Jan 29 20:44:46 2020,4155963184,0,196830014
Wed Jan 29 20:44:46 2020,4155963189,1,5
Wed Jan 29 20:44:46 2020,4155963224,0,35
Wed Jan 29 20:44:46 2020,4155963229,1,5
Wed Jan 29 20:44:46 2020,4155963894,0,665
Wed Jan 29 20:44:46 2020,4155963914,1,20
Wed Jan 29 20:44:46 2020,4155964004,0,90
Wed Jan 29 20:44:46 2020,4155964069,1,65
Wed Jan 29 20:44:46 2020,4155964079,0,10
Wed Jan 29 20:44:47 2020,4156940641,1,976562
Wed Jan 29 20:44:47 2020,4156940716,0,75
Wed Jan 29 20:44:47 2020,4156941036,1,320
Wed Jan 29 20:44:47 2020,4156941576,0,540
Wed Jan 29 20:44:47 2020,4156941631,1,55
Wed Jan 29 20:44:47 2020,4156941881,0,250
Wed Jan 29 20:44:47 2020,4156942066,1,185
Wed Jan 29 20:46:07 2020,4236486278,0,79544212
Wed Jan 29 20:46:07 2020,4236486288,1,10
Wed Jan 29 20:46:07 2020,4236486342,0,54
Wed Jan 29 20:46:07 2020,4236486442,1,100
Wed Jan 29 20:46:07 2020,4236486822,0,380
Wed Jan 29 20:46:07 2020,4236486832,1,10
Wed Jan 29 20:46:07 2020,4236486938,0,106
Wed Jan 29 20:46:07 2020,4236486987,1,49
Wed Jan 29 20:46:07 2020,4236487032,0,45
Wed Jan 29 20:46:07 2020,4236487122,1,90
Wed Jan 29 20:46:07 2020,4236487157,0,35
Wed Jan 29 20:46:08 2020,4237467950,1,980793
Wed Jan 29 20:46:08 2020,4237468210,0,260
Wed Jan 29 20:46:08 2020,4237468235,1,25
Wed Jan 29 20:46:08 2020,4237468260,0,25
Wed Jan 29 20:46:08 2020,4237468360,1,100
Wed Jan 29 20:46:08 2020,4237468380,0,20
Wed Jan 29 20:46:08 2020,4237468455,1,75
Wed Jan 29 20:46:40 2020,4270154713,0,32686258
Wed Jan 29 20:46:40 2020,4270154718,1,5
Wed Jan 29 20:46:40 2020,4270154833,0,115
Wed Jan 29 20:46:40 2020,4270154838,1,5
Wed Jan 29 20:46:40 2020,4270154853,0,15
Wed Jan 29 20:46:40 2020,4270154858,1,5
Wed Jan 29 20:46:40 2020,4270154938,0,80
Wed Jan 29 20:46:40 2020,4270154943,1,5
Wed Jan 29 20:46:40 2020,4270155003,0,60
Wed Jan 29 20:46:40 2020,4270155008,1,5
Wed Jan 29 20:46:40 2020,4270155013,0,5
Wed Jan 29 20:46:40 2020,4270155018,1,5
Wed Jan 29 20:46:40 2020,4270155188,0,170
Wed Jan 29 20:46:40 2020,4270155193,1,5
Wed Jan 29 20:46:40 2020,4270155533,0,340
Wed Jan 29 20:46:40 2020,4270155538,1,5
Wed Jan 29 20:46:40 2020,4270155568,0,30
Wed Jan 29 20:46:40 2020,4270155573,1,5
Wed Jan 29 20:46:40 2020,4270155678,0,105
Wed Jan 29 20:46:40 2020,4270155688,1,10
Wed Jan 29 20:46:40 2020,4270155828,0,140
Wed Jan 29 20:46:40 2020,4270155833,1,5
Wed Jan 29 20:46:40 2020,4270155888,0,55
Wed Jan 29 20:46:40 2020,4270155893,1,5
Wed Jan 29 20:46:41 2020,4270155983,0,90
Wed Jan 29 20:46:41 2020,4270155988,1,5
Wed Jan 29 20:46:41 2020,4270156284,0,296
Wed Jan 29 20:46:41 2020,4270156289,1,5
Wed Jan 29 20:46:41 2020,4270156388,0,99
Wed Jan 29 20:46:41 2020,4270156408,1,20
Wed Jan 29 20:46:41 2020,4270156458,0,50
Wed Jan 29 20:46:41 2020,4270156463,1,5
Wed Jan 29 20:46:41 2020,4270156473,0,10
Wed Jan 29 20:46:41 2020,4270156478,1,5
Wed Jan 29 20:46:41 2020,4270156498,0,20
Wed Jan 29 20:46:41 2020,4270156503,1,5
Wed Jan 29 20:46:41 2020,4270156583,0,80
Wed Jan 29 20:46:41 2020,4270156588,1,5
Wed Jan 29 20:46:41 2020,4270156648,0,60
Wed Jan 29 20:46:41 2020,4270156653,1,5
Wed Jan 29 20:46:41 2020,4270156728,0,75
Wed Jan 29 20:46:41 2020,4270156733,1,5
Wed Jan 29 20:46:41 2020,4270156848,0,115
Wed Jan 29 20:46:41 2020,4270156858,1,10
Wed Jan 29 20:46:41 2020,4270157093,0,235
Wed Jan 29 20:46:41 2020,4270157098,1,5
Wed Jan 29 20:46:41 2020,4270157138,0,40
Wed Jan 29 20:46:41 2020,4270157143,1,5
Wed Jan 29 20:46:41 2020,4270157578,0,435
Wed Jan 29 20:46:41 2020,4270157583,1,5
Wed Jan 29 20:46:41 2020,4270157608,0,25
Wed Jan 29 20:46:41 2020,4270157613,1,5
Wed Jan 29 20:46:41 2020,4270157698,0,85
Wed Jan 29 20:46:41 2020,4270157703,1,5
Wed Jan 29 20:46:41 2020,4270157863,0,160
Wed Jan 29 20:46:41 2020,4270157868,1,5
Wed Jan 29 20:46:41 2020,4270157918,0,50
Wed Jan 29 20:46:41 2020,4270157923,1,5
Wed Jan 29 20:46:41 2020,4270157973,0,50
Wed Jan 29 20:46:41 2020,4270157978,1,5
Wed Jan 29 20:46:41 2020,4270158033,0,55
Wed Jan 29 20:46:41 2020,4270158038,1,5
Wed Jan 29 20:46:41 2020,4270158123,0,85
Wed Jan 29 20:46:41 2020,4270158128,1,5
Wed Jan 29 20:46:41 2020,4270158183,0,55
Wed Jan 29 20:46:41 2020,4270158188,1,5
Wed Jan 29 20:46:41 2020,4270159208,0,1020
Wed Jan 29 20:46:41 2020,4270159213,1,5
Thu Jan 30 08:55:37 2020,762839392,0,3507319821
Thu Jan 30 08:55:37 2020,762839397,1,5
Thu Jan 30 11:35:45 2020,1780885453,0,1018046056
Thu Jan 30 11:35:45 2020,1780885458,1,5
Thu Jan 30 11:35:45 2020,1780885463,0,5
Thu Jan 30 11:35:45 2020,1780885473,1,10
Thu Jan 30 11:35:45 2020,1780885493,0,20
Thu Jan 30 11:35:45 2020,1780885498,1,5
