Thu Jan  9 13:25:30 2020,525151380,1
Thu Jan  9 13:25:30 2020,525637376,0
Thu Jan  9 13:25:56 2020,551491812,1
Thu Jan  9 13:26:10 2020,565521352,0
Thu Jan  9 13:26:47 2020,602266505,1
Thu Jan  9 13:26:50 2020,605805860,0
Thu Jan  9 13:28:08 2020,683441591,1
Thu Jan  9 13:28:08 2020,683896527,0
Thu Jan  9 14:28:28 2020,8508427,1
Thu Jan  9 14:40:06 2020,706303358,0
Thu Jan  9 14:41:08 2020,768090864,1
Thu Jan  9 14:41:23 2020,783449253,0
Thu Jan  9 14:52:40 2020,1460709247,1
Thu Jan  9 15:45:42 2020,348009195,0
Thu Jan  9 15:45:43 2020,348107835,1
Thu Jan  9 15:45:59 2020,364492732,0
Thu Jan  9 16:57:13 2020,344157055,1
Thu Jan  9 16:59:00 2020,450841770,0
Fri Jan 10 13:07:53 2020,4264846420,1
Fri Jan 10 13:08:18 2020,4289889524,0
Fri Jan 10 18:14:17 2020,1174179025,1
Mon Jan 13 13:45:26 2020,3727376699,0
Mon Jan 13 13:45:26 2020,3727452994,1
Mon Jan 13 13:45:55 2020,3756069831,0
Mon Jan 13 13:49:09 2020,3950564289,1
Mon Jan 13 13:49:11 2020,3951724857,0
Mon Jan 13 13:49:51 2020,3992564590,1
Mon Jan 13 13:49:54 2020,3995050971,0
Mon Jan 13 15:35:02 2020,1712918024,1
Mon Jan 13 15:55:03 2020,2914153945,0
Mon Jan 13 15:55:03 2020,2914263344,1
Mon Jan 13 15:55:21 2020,2932520786,0
Mon Jan 13 18:31:37 2020,3718221413,1
Mon Jan 13 18:32:23 2020,3764399760,0
Mon Jan 13 18:32:23 2020,3764480849,1
Mon Jan 13 18:32:48 2020,3789548048,0
Tue Jan 14 13:41:29 2020,3991710452,1
Tue Jan 14 13:41:51 2020,4013418522,0
Tue Jan 14 16:35:16 2020,1533736534,1
Tue Jan 14 16:37:03 2020,1640905410,0
Tue Jan 14 16:37:03 2020,1640984781,1
Tue Jan 14 16:37:30 2020,1667932209,0
Wed Jan 15 16:26:36 2020,1537415025,1
Wed Jan 15 16:27:19 2020,1580082953,0
Wed Jan 15 16:27:19 2020,1580159293,1
Wed Jan 15 16:27:36 2020,1597782977,0
Wed Jan 15 16:38:57 2020,2278406585,1
Wed Jan 15 16:38:57 2020,2278406590,0
Wed Jan 15 16:46:05 2020,2706819964,1
Wed Jan 15 16:46:05 2020,2706819969,0
Wed Jan 15 16:46:05 2020,2706819984,1
Wed Jan 15 16:46:05 2020,2706819989,0
Wed Jan 15 17:04:48 2020,3829218815,1
Wed Jan 15 17:04:48 2020,3829218820,0
Wed Jan 15 18:00:33 2020,2879778846,1
Wed Jan 15 18:00:33 2020,2879778851,0
Wed Jan 15 18:00:33 2020,2879778866,1
Wed Jan 15 18:00:33 2020,2879778871,0
Wed Jan 15 18:00:33 2020,2879933227,1
Wed Jan 15 18:00:33 2020,2879933232,0
Wed Jan 15 18:00:33 2020,2879933242,1
Wed Jan 15 18:00:33 2020,2879933247,0
Wed Jan 15 18:53:58 2020,1789794902,1
Wed Jan 15 18:53:58 2020,1789794907,0
Wed Jan 15 18:53:58 2020,1789795032,1
Wed Jan 15 18:53:58 2020,1789795037,0
Wed Jan 15 18:53:58 2020,1789795067,1
Wed Jan 15 18:53:58 2020,1789795072,0
Wed Jan 15 18:53:58 2020,1789795092,1
Wed Jan 15 18:53:58 2020,1789795097,0
Wed Jan 15 18:53:58 2020,1789795187,1
Wed Jan 15 18:53:58 2020,1789795192,0
Wed Jan 15 18:53:58 2020,1789795327,1
Wed Jan 15 18:53:58 2020,1789795332,0
Wed Jan 15 18:53:58 2020,1789795352,1
Wed Jan 15 18:53:58 2020,1789795357,0
Wed Jan 15 18:53:58 2020,1789795477,1
Wed Jan 15 18:53:58 2020,1789795482,0
Wed Jan 15 18:53:58 2020,1789795502,1
Wed Jan 15 18:53:58 2020,1789795507,0
Wed Jan 15 18:53:58 2020,1789795562,1
Wed Jan 15 18:53:58 2020,1789795567,0
Wed Jan 15 18:53:58 2020,1789795572,1
Wed Jan 15 18:53:58 2020,1789795582,0
Wed Jan 15 18:53:58 2020,1789795622,1
Wed Jan 15 18:53:58 2020,1789795627,0
Wed Jan 15 18:53:58 2020,1789795637,1
Wed Jan 15 18:53:58 2020,1789795642,0
Wed Jan 15 18:53:58 2020,1789795732,1
Wed Jan 15 18:53:58 2020,1789795737,0
Wed Jan 15 18:53:58 2020,1789795927,1
Wed Jan 15 18:53:58 2020,1789795932,0
Wed Jan 15 18:53:58 2020,1789795977,1
Wed Jan 15 18:53:58 2020,1789795982,0
Wed Jan 15 18:53:58 2020,1789796017,1
Wed Jan 15 18:53:58 2020,1789796022,0
Wed Jan 15 18:53:58 2020,1789796047,1
Wed Jan 15 18:53:58 2020,1789796052,0
Wed Jan 15 18:53:58 2020,1789796202,1
Wed Jan 15 18:53:58 2020,1789796207,0
Wed Jan 15 18:53:58 2020,1789796952,1
Wed Jan 15 18:53:58 2020,1789796957,0
Wed Jan 15 18:53:58 2020,1789797207,1
Wed Jan 15 18:53:58 2020,1789797212,0
Wed Jan 15 18:53:58 2020,1789797312,1
Wed Jan 15 18:53:58 2020,1789797317,0
Wed Jan 15 18:53:58 2020,1789797362,1
Wed Jan 15 18:53:58 2020,1789797367,0
Wed Jan 15 18:53:58 2020,1789797392,1
Wed Jan 15 18:53:58 2020,1789797397,0
Wed Jan 15 18:53:58 2020,1789797452,1
Wed Jan 15 18:53:58 2020,1789797457,0
Wed Jan 15 18:53:58 2020,1789797507,1
Wed Jan 15 18:53:58 2020,1789797512,0
Wed Jan 15 18:53:58 2020,1789797562,1
Wed Jan 15 18:53:58 2020,1789797567,0
Wed Jan 15 18:53:58 2020,1789797602,1
Wed Jan 15 18:53:58 2020,1789797607,0
Wed Jan 15 18:53:58 2020,1789798037,1
Wed Jan 15 18:53:58 2020,1789798042,0
Wed Jan 15 18:53:58 2020,1789798097,1
Wed Jan 15 18:53:58 2020,1789798102,0
Wed Jan 15 18:53:58 2020,1789798107,1
Wed Jan 15 18:53:58 2020,1789798112,0
Wed Jan 15 18:53:58 2020,1789798262,1
Wed Jan 15 18:53:58 2020,1789798267,0
Wed Jan 15 18:53:58 2020,1789798302,1
Wed Jan 15 18:53:58 2020,1789798307,0
Wed Jan 15 18:57:22 2020,1993833368,1
Wed Jan 15 18:57:22 2020,1993833373,0
Wed Jan 15 18:59:53 2020,2144113039,1
Wed Jan 15 18:59:53 2020,2144113049,0
Wed Jan 15 18:59:53 2020,2144113204,1
Wed Jan 15 18:59:53 2020,2144113214,0
Wed Jan 15 18:59:53 2020,2144113229,1
Wed Jan 15 18:59:53 2020,2144113234,0
Wed Jan 15 18:59:53 2020,2144113259,1
Wed Jan 15 18:59:53 2020,2144113264,0
Wed Jan 15 18:59:53 2020,2144113319,1
Wed Jan 15 18:59:53 2020,2144113324,0
Wed Jan 15 18:59:53 2020,2144113364,1
Wed Jan 15 18:59:53 2020,2144113369,0
Wed Jan 15 18:59:53 2020,2144113394,1
Wed Jan 15 18:59:53 2020,2144113399,0
Wed Jan 15 18:59:53 2020,2144113884,1
Wed Jan 15 18:59:53 2020,2144113889,0
Wed Jan 15 18:59:59 2020,2150738725,1
Wed Jan 15 18:59:59 2020,2150738730,0
Wed Jan 15 19:00:02 2020,2153603333,1
Wed Jan 15 19:00:02 2020,2153603338,0
Wed Jan 15 19:00:02 2020,2153603353,1
Wed Jan 15 19:00:02 2020,2153603358,0
Wed Jan 15 19:00:02 2020,2153603373,1
Wed Jan 15 19:00:02 2020,2153603408,0
Wed Jan 15 19:00:02 2020,2153603448,1
Wed Jan 15 19:00:02 2020,2153603453,0
Wed Jan 15 19:01:47 2020,2258765474,1
Wed Jan 15 19:01:47 2020,2258765479,0
Wed Jan 15 19:01:47 2020,2258847769,1
Wed Jan 15 19:01:47 2020,2258847774,0
Wed Jan 15 19:01:53 2020,2264074917,1
Wed Jan 15 19:01:53 2020,2264074922,0
Wed Jan 15 19:01:53 2020,2264074952,1
Wed Jan 15 19:01:53 2020,2264074957,0
Wed Jan 15 19:02:05 2020,2276297623,1
Wed Jan 15 19:02:05 2020,2276297628,0
Wed Jan 15 19:02:05 2020,2276297633,1
Wed Jan 15 19:02:05 2020,2276297638,0
Wed Jan 15 19:02:05 2020,2276297668,1
Wed Jan 15 19:02:05 2020,2276297673,0
Wed Jan 15 19:02:06 2020,2277099245,1
Wed Jan 15 19:02:06 2020,2277099250,0
Wed Jan 15 19:02:27 2020,2298946281,1
Wed Jan 15 19:02:27 2020,2298946286,0
Wed Jan 15 19:02:27 2020,2298946361,1
Wed Jan 15 19:02:27 2020,2298946366,0
Wed Jan 15 19:02:27 2020,2298946451,1
Wed Jan 15 19:02:27 2020,2298946456,0
Wed Jan 15 19:02:27 2020,2298946531,1
Wed Jan 15 19:02:27 2020,2298946536,0
Wed Jan 15 19:02:27 2020,2298946551,1
Wed Jan 15 19:02:27 2020,2298946556,0
Wed Jan 15 19:02:27 2020,2298946601,1
Wed Jan 15 19:02:27 2020,2298946611,0
Wed Jan 15 19:02:27 2020,2298946651,1
Wed Jan 15 19:02:27 2020,2298946656,0
Wed Jan 15 19:02:27 2020,2298946741,1
Wed Jan 15 19:02:27 2020,2298946746,0
Wed Jan 15 19:02:27 2020,2298947131,1
Wed Jan 15 19:02:27 2020,2298947136,0
Wed Jan 15 19:02:27 2020,2298947146,1
Wed Jan 15 19:02:27 2020,2298947151,0
Wed Jan 15 19:02:27 2020,2298947461,1
Wed Jan 15 19:02:27 2020,2298947466,0
Wed Jan 15 19:03:07 2020,2338606641,1
Wed Jan 15 19:03:07 2020,2338606651,0
Wed Jan 15 19:03:07 2020,2338606656,1
Wed Jan 15 19:03:07 2020,2338606661,0
Wed Jan 15 19:03:07 2020,2338606666,1
Wed Jan 15 19:03:07 2020,2338606671,0
Wed Jan 15 20:37:29 2020,3705554085,1
Wed Jan 15 20:37:29 2020,3705554090,0
Wed Jan 15 21:03:01 2020,942221585,1
Wed Jan 15 21:03:01 2020,942221590,0
Wed Jan 15 23:07:32 2020,4118505034,1
Wed Jan 15 23:07:32 2020,4118505039,0
Thu Jan 16 03:03:33 2020,1099926696,1
Thu Jan 16 03:03:33 2020,1099926701,0
Thu Jan 16 03:03:33 2020,1099926711,1
Thu Jan 16 03:03:33 2020,1099926716,0
Thu Jan 16 03:03:33 2020,1099926721,1
Thu Jan 16 03:03:33 2020,1099926736,0
Thu Jan 16 03:26:25 2020,2472447964,1
Thu Jan 16 03:26:25 2020,2472447969,0
Thu Jan 16 03:26:25 2020,2472447979,1
Thu Jan 16 03:26:25 2020,2472447984,0
Thu Jan 16 07:53:56 2020,1343338413,1
Thu Jan 16 07:53:56 2020,1343338418,0
Thu Jan 16 11:11:04 2020,286658052,1
Thu Jan 16 11:11:18 2020,300424177,0
Thu Jan 16 12:13:20 2020,4022694883,1
Thu Jan 16 12:13:20 2020,4022694888,0
Thu Jan 16 14:19:28 2020,3000522414,1
Thu Jan 16 14:19:28 2020,3000522419,0
Thu Jan 16 14:19:28 2020,3000522424,1
Thu Jan 16 14:19:28 2020,3000522429,0
Thu Jan 16 15:44:20 2020,3797805681,1
Thu Jan 16 15:50:47 2020,4184450655,0
Thu Jan 16 16:23:11 2020,1833336504,1
Thu Jan 16 16:23:11 2020,1833336509,0
Thu Jan 16 16:23:11 2020,1833336519,1
Thu Jan 16 16:23:11 2020,1833336524,0
Thu Jan 16 16:23:11 2020,1833336534,1
Thu Jan 16 16:23:11 2020,1833336539,0
Thu Jan 16 16:23:11 2020,1833336559,1
Thu Jan 16 16:23:11 2020,1833336569,0
Thu Jan 16 16:23:11 2020,1833336589,1
Thu Jan 16 16:23:11 2020,1833336594,0
Thu Jan 16 17:41:36 2020,2243591136,1
Thu Jan 16 17:41:36 2020,2243591141,0
Thu Jan 16 17:41:36 2020,2243591191,1
Thu Jan 16 17:41:36 2020,2243591196,0
Thu Jan 16 17:41:36 2020,2243591306,1
Thu Jan 16 17:41:36 2020,2243591311,0
Thu Jan 16 17:41:36 2020,2243591316,1
Thu Jan 16 17:41:36 2020,2243591321,0
Thu Jan 16 17:41:39 2020,2247058515,1
Thu Jan 16 17:41:39 2020,2247058520,0
Thu Jan 16 17:41:40 2020,2248044102,1
Thu Jan 16 17:41:40 2020,2248044107,0
Thu Jan 16 17:41:40 2020,2248044117,1
Thu Jan 16 17:41:40 2020,2248044127,0
Thu Jan 16 17:41:40 2020,2248044167,1
Thu Jan 16 17:41:40 2020,2248044172,0
Thu Jan 16 17:41:40 2020,2248044182,1
Thu Jan 16 17:41:40 2020,2248044187,0
Thu Jan 16 17:41:40 2020,2248044197,1
Thu Jan 16 17:41:40 2020,2248044202,0
Thu Jan 16 17:41:40 2020,2248044207,1
Thu Jan 16 17:41:40 2020,2248044212,0
Thu Jan 16 17:41:40 2020,2248044222,1
Thu Jan 16 17:41:40 2020,2248044232,0
Thu Jan 16 17:41:40 2020,2248044237,1
Thu Jan 16 17:41:40 2020,2248044242,0
Thu Jan 16 17:41:40 2020,2248044247,1
Thu Jan 16 17:41:40 2020,2248044262,0
Thu Jan 16 17:41:40 2020,2248044272,1
Thu Jan 16 17:41:40 2020,2248044277,0
Thu Jan 16 17:41:40 2020,2248044282,1
Thu Jan 16 17:41:40 2020,2248044287,0
Thu Jan 16 17:41:40 2020,2248044307,1
Thu Jan 16 17:41:40 2020,2248044312,0
Thu Jan 16 17:41:40 2020,2248044352,1
Thu Jan 16 17:41:40 2020,2248044357,0
Thu Jan 16 17:41:40 2020,2248044372,1
Thu Jan 16 17:41:40 2020,2248044377,0
Thu Jan 16 17:41:40 2020,2248044382,1
Thu Jan 16 17:41:40 2020,2248044387,0
Thu Jan 16 17:41:40 2020,2248044402,1
Thu Jan 16 17:41:40 2020,2248044412,0
Thu Jan 16 17:41:40 2020,2248044422,1
Thu Jan 16 17:41:40 2020,2248044427,0
Thu Jan 16 17:41:40 2020,2248044557,1
Thu Jan 16 17:41:40 2020,2248044562,0
Thu Jan 16 17:41:40 2020,2248044572,1
Thu Jan 16 17:41:40 2020,2248044577,0
Thu Jan 16 17:41:40 2020,2248044672,1
Thu Jan 16 17:41:40 2020,2248044677,0
Thu Jan 16 17:41:40 2020,2248044682,1
Thu Jan 16 17:41:40 2020,2248044687,0
Thu Jan 16 17:41:40 2020,2248044722,1
Thu Jan 16 17:41:40 2020,2248044727,0
Thu Jan 16 17:41:40 2020,2248044788,1
Thu Jan 16 17:41:40 2020,2248044793,0
Thu Jan 16 17:41:40 2020,2248044823,1
Thu Jan 16 17:41:40 2020,2248044828,0
Thu Jan 16 17:41:40 2020,2248044848,1
Thu Jan 16 17:41:40 2020,2248044853,0
Thu Jan 16 17:41:40 2020,2248044883,1
Thu Jan 16 17:41:40 2020,2248044888,0
Thu Jan 16 17:41:40 2020,2248044908,1
Thu Jan 16 17:41:40 2020,2248044912,0
Thu Jan 16 17:41:40 2020,2248044922,1
Thu Jan 16 17:41:40 2020,2248044927,0
Thu Jan 16 17:41:40 2020,2248045047,1
Thu Jan 16 17:41:40 2020,2248045052,0
Thu Jan 16 17:41:40 2020,2248045062,1
Thu Jan 16 17:41:40 2020,2248045067,0
Thu Jan 16 17:41:40 2020,2248045077,1
Thu Jan 16 17:41:40 2020,2248045082,0
Thu Jan 16 17:41:40 2020,2248045117,1
Thu Jan 16 17:41:40 2020,2248045127,0
Thu Jan 16 17:41:40 2020,2248045162,1
Thu Jan 16 17:41:40 2020,2248045167,0
Thu Jan 16 17:41:40 2020,2248045232,1
Thu Jan 16 17:41:40 2020,2248045237,0
Thu Jan 16 17:41:40 2020,2248045262,1
Thu Jan 16 17:41:40 2020,2248045267,0
Thu Jan 16 17:41:40 2020,2248045302,1
Thu Jan 16 17:41:40 2020,2248045307,0
Thu Jan 16 17:41:40 2020,2248045327,1
Thu Jan 16 17:41:40 2020,2248045337,0
Thu Jan 16 17:41:40 2020,2248045447,1
Thu Jan 16 17:41:40 2020,2248045452,0
Thu Jan 16 17:41:40 2020,2248045492,1
Thu Jan 16 17:41:40 2020,2248045507,0
Thu Jan 16 17:41:40 2020,2248045542,1
Thu Jan 16 17:41:40 2020,2248045552,0
Thu Jan 16 17:41:40 2020,2248045732,1
Thu Jan 16 17:41:40 2020,2248045737,0
Thu Jan 16 17:41:40 2020,2248045762,1
Thu Jan 16 17:41:40 2020,2248045767,0
Thu Jan 16 17:41:40 2020,2248045797,1
Thu Jan 16 17:41:40 2020,2248045802,0
Thu Jan 16 17:41:40 2020,2248045867,1
Thu Jan 16 17:41:40 2020,2248045872,0
Thu Jan 16 17:47:34 2020,2601916678,1
Thu Jan 16 17:47:34 2020,2601916683,0
Thu Jan 16 17:47:42 2020,2610269679,1
Thu Jan 16 17:47:42 2020,2610269684,0
Thu Jan 16 17:47:48 2020,2616238129,1
Thu Jan 16 17:47:48 2020,2616238134,0
Thu Jan 16 17:47:48 2020,2616238174,1
Thu Jan 16 17:47:48 2020,2616238179,0
Thu Jan 16 17:47:48 2020,2616238194,1
Thu Jan 16 17:47:48 2020,2616238199,0
Thu Jan 16 17:47:48 2020,2616238204,1
Thu Jan 16 17:47:48 2020,2616238209,0
Thu Jan 16 17:47:48 2020,2616238224,1
Thu Jan 16 17:47:48 2020,2616238229,0
Thu Jan 16 17:47:48 2020,2616238264,1
Thu Jan 16 17:47:48 2020,2616238269,0
Thu Jan 16 17:47:48 2020,2616238274,1
Thu Jan 16 17:47:48 2020,2616238279,0
Thu Jan 16 17:47:48 2020,2616238289,1
Thu Jan 16 17:47:48 2020,2616238299,0
Thu Jan 16 17:47:48 2020,2616238319,1
Thu Jan 16 17:47:48 2020,2616238324,0
Thu Jan 16 17:47:48 2020,2616238329,1
Thu Jan 16 17:47:48 2020,2616238334,0
Thu Jan 16 17:47:48 2020,2616238359,1
Thu Jan 16 17:47:48 2020,2616238364,0
Thu Jan 16 17:47:48 2020,2616238379,1
Thu Jan 16 17:47:48 2020,2616238394,0
Thu Jan 16 17:47:48 2020,2616238399,1
Thu Jan 16 17:47:48 2020,2616238404,0
Thu Jan 16 17:47:48 2020,2616238414,1
Thu Jan 16 17:47:48 2020,2616238424,0
Thu Jan 16 17:47:48 2020,2616238434,1
Thu Jan 16 17:47:48 2020,2616238439,0
Thu Jan 16 17:47:48 2020,2616238454,1
Thu Jan 16 17:47:48 2020,2616238459,0
Thu Jan 16 17:47:48 2020,2616238464,1
Thu Jan 16 17:47:48 2020,2616238474,0
Thu Jan 16 17:47:48 2020,2616238484,1
Thu Jan 16 17:47:48 2020,2616238489,0
Thu Jan 16 17:47:48 2020,2616238499,1
Thu Jan 16 17:47:48 2020,2616238504,0
Thu Jan 16 17:47:48 2020,2616238509,1
Thu Jan 16 17:47:48 2020,2616238519,0
Thu Jan 16 17:47:48 2020,2616238524,1
Thu Jan 16 17:47:48 2020,2616238534,0
Thu Jan 16 17:47:48 2020,2616238569,1
Thu Jan 16 17:47:48 2020,2616238574,0
Thu Jan 16 17:47:48 2020,2616238689,1
Thu Jan 16 17:47:48 2020,2616238699,0
Thu Jan 16 17:47:48 2020,2616238749,1
Thu Jan 16 17:47:48 2020,2616238754,0
Thu Jan 16 17:47:48 2020,2616238759,1
Thu Jan 16 17:47:48 2020,2616238764,0
Thu Jan 16 17:47:48 2020,2616238774,1
Thu Jan 16 17:47:48 2020,2616238779,0
Thu Jan 16 17:47:48 2020,2616238809,1
Thu Jan 16 17:47:48 2020,2616238814,0
Thu Jan 16 17:47:48 2020,2616238819,1
Thu Jan 16 17:47:48 2020,2616238824,0
Thu Jan 16 17:47:48 2020,2616238904,1
Thu Jan 16 17:47:48 2020,2616238909,0
Thu Jan 16 17:47:48 2020,2616238914,1
Thu Jan 16 17:47:48 2020,2616238919,0
Thu Jan 16 17:47:48 2020,2616238959,1
Thu Jan 16 17:47:48 2020,2616238964,0
Thu Jan 16 17:47:48 2020,2616238979,1
Thu Jan 16 17:47:48 2020,2616238984,0
Thu Jan 16 17:47:48 2020,2616239009,1
Thu Jan 16 17:47:48 2020,2616239014,0
Thu Jan 16 17:47:48 2020,2616239034,1
Thu Jan 16 17:47:48 2020,2616239039,0
Thu Jan 16 17:47:48 2020,2616239104,1
Thu Jan 16 17:47:48 2020,2616239109,0
Thu Jan 16 17:47:48 2020,2616239214,1
Thu Jan 16 17:47:48 2020,2616239219,0
Thu Jan 16 17:47:48 2020,2616239224,1
Thu Jan 16 17:47:48 2020,2616239229,0
Thu Jan 16 17:47:48 2020,2616239279,1
Thu Jan 16 17:47:48 2020,2616239284,0
Thu Jan 16 17:48:11 2020,2638977777,1
Thu Jan 16 17:48:11 2020,2638977782,0
Thu Jan 16 17:48:13 2020,2640471390,1
Thu Jan 16 17:48:13 2020,2640471395,0
Thu Jan 16 17:48:16 2020,2644176625,1
Thu Jan 16 17:48:16 2020,2644176630,0
Thu Jan 16 17:48:19 2020,2646642846,1
Thu Jan 16 17:48:19 2020,2646642851,0
Thu Jan 16 17:48:26 2020,2653899714,1
Thu Jan 16 17:48:26 2020,2653899719,0
Thu Jan 16 17:48:28 2020,2655954230,1
Thu Jan 16 17:48:28 2020,2655954235,0
Thu Jan 16 17:48:28 2020,2655954265,1
Thu Jan 16 17:48:28 2020,2655954270,0
Thu Jan 16 17:48:34 2020,2661761269,1
Thu Jan 16 17:48:34 2020,2661761274,0
Thu Jan 16 17:58:36 2020,3263334652,1
Thu Jan 16 17:58:36 2020,3263334662,0
Thu Jan 16 17:58:36 2020,3263334682,1
Thu Jan 16 17:58:36 2020,3263334687,0
Thu Jan 16 17:58:38 2020,3265791658,1
Thu Jan 16 17:58:38 2020,3265791663,0
Thu Jan 16 17:58:38 2020,3265791748,1
Thu Jan 16 17:58:38 2020,3265791753,0
Thu Jan 16 17:58:43 2020,3271152647,1
Thu Jan 16 17:58:43 2020,3271152652,0
Thu Jan 16 17:58:44 2020,3272266690,1
Thu Jan 16 17:58:44 2020,3272266700,0
Thu Jan 16 17:58:44 2020,3272266770,1
Thu Jan 16 17:58:44 2020,3272266775,0
Thu Jan 16 17:58:44 2020,3272266865,1
Thu Jan 16 17:58:44 2020,3272266870,0
Thu Jan 16 17:58:44 2020,3272266875,1
Thu Jan 16 17:58:44 2020,3272266880,0
Thu Jan 16 17:58:44 2020,3272267110,1
Thu Jan 16 17:58:44 2020,3272267115,0
Thu Jan 16 18:06:52 2020,3759834473,1
Thu Jan 16 18:06:52 2020,3759834478,0
Thu Jan 16 18:30:47 2020,900026565,1
Thu Jan 16 18:30:47 2020,900026570,0
Thu Jan 16 19:25:35 2020,4187502950,1
Thu Jan 16 19:25:35 2020,4187502960,0
Thu Jan 16 19:25:36 2020,4189224464,1
Thu Jan 16 19:25:36 2020,4189224469,0
Thu Jan 16 20:05:39 2020,2297167815,1
Thu Jan 16 20:05:39 2020,2297167820,0
Thu Jan 16 20:05:39 2020,2297167900,1
Thu Jan 16 20:05:39 2020,2297167905,0
Thu Jan 16 20:05:39 2020,2297168045,1
Thu Jan 16 20:05:39 2020,2297168050,0
Thu Jan 16 20:05:39 2020,2297168305,1
Thu Jan 16 20:05:39 2020,2297168310,0
Thu Jan 16 22:17:03 2020,1590871816,1
Thu Jan 16 22:17:03 2020,1590871821,0
Fri Jan 17 02:58:14 2020,1281948932,1
Fri Jan 17 02:58:14 2020,1281948936,0
Fri Jan 17 06:56:06 2020,2669706706,1
Fri Jan 17 06:56:06 2020,2669706711,0
Fri Jan 17 07:58:37 2020,2126081160,1
Fri Jan 17 07:58:37 2020,2126081170,0
Fri Jan 17 07:58:37 2020,2126081180,1
Fri Jan 17 07:58:37 2020,2126081185,0
Fri Jan 17 09:57:28 2020,667044190,1
Fri Jan 17 09:57:28 2020,667044195,0
Fri Jan 17 11:50:21 2020,3145043476,1
Fri Jan 17 11:50:21 2020,3145043481,0
Fri Jan 17 11:50:37 2020,3161229572,1
Fri Jan 17 11:50:37 2020,3161229577,0
Fri Jan 17 12:18:41 2020,549510606,1
Fri Jan 17 12:18:41 2020,549510611,0
Fri Jan 17 12:29:45 2020,1214402544,1
Fri Jan 17 12:29:45 2020,1214402549,0
Fri Jan 17 12:37:43 2020,1692297204,1
Fri Jan 17 12:37:43 2020,1692297209,0
Fri Jan 17 12:37:43 2020,1692297244,1
Fri Jan 17 12:37:43 2020,1692297249,0
Fri Jan 17 13:43:41 2020,1355451935,1
Fri Jan 17 13:44:05 2020,1379064420,0
Fri Jan 17 14:31:41 2020,4235487000,1
Fri Jan 17 14:31:41 2020,4235487005,0
Fri Jan 17 14:31:41 2020,4235487010,1
Fri Jan 17 14:31:41 2020,4235487025,0
Fri Jan 17 17:11:09 2020,917897421,1
Fri Jan 17 17:11:09 2020,917897426,0
Fri Jan 17 17:22:42 2020,1610740704,1
Fri Jan 17 17:22:42 2020,1610740709,0
Fri Jan 17 17:22:42 2020,1610740714,1
Fri Jan 17 17:22:42 2020,1610740719,0
Fri Jan 17 17:22:42 2020,1610740754,1
Fri Jan 17 17:22:42 2020,1610740759,0
Fri Jan 17 17:22:44 2020,1612765419,1
Fri Jan 17 17:22:44 2020,1612765424,0
Fri Jan 17 17:22:44 2020,1612765439,1
Fri Jan 17 17:22:44 2020,1612765444,0
Fri Jan 17 17:22:45 2020,1614217973,1
Fri Jan 17 17:22:45 2020,1614217978,0
Fri Jan 17 17:22:45 2020,1614217988,1
Fri Jan 17 17:22:45 2020,1614217998,0
Fri Jan 17 17:22:45 2020,1614218003,1
Fri Jan 17 17:22:45 2020,1614218013,0
Fri Jan 17 17:22:45 2020,1614218018,1
Fri Jan 17 17:22:45 2020,1614218028,0
Fri Jan 17 17:22:45 2020,1614218063,1
Fri Jan 17 17:22:45 2020,1614218068,0
Fri Jan 17 17:22:45 2020,1614218073,1
Fri Jan 17 17:22:45 2020,1614218078,0
Fri Jan 17 17:22:45 2020,1614218098,1
Fri Jan 17 17:22:45 2020,1614218113,0
Fri Jan 17 17:22:45 2020,1614218128,1
Fri Jan 17 17:22:45 2020,1614218133,0
Fri Jan 17 17:22:45 2020,1614218138,1
Fri Jan 17 17:22:45 2020,1614218143,0
Fri Jan 17 17:22:45 2020,1614218148,1
Fri Jan 17 17:22:45 2020,1614218153,0
Fri Jan 17 17:22:45 2020,1614218173,1
Fri Jan 17 17:22:45 2020,1614218188,0
Fri Jan 17 17:22:45 2020,1614218193,1
Fri Jan 17 17:22:45 2020,1614218208,0
Fri Jan 17 17:22:45 2020,1614218213,1
Fri Jan 17 17:22:45 2020,1614218223,0
Fri Jan 17 17:22:45 2020,1614218253,1
Fri Jan 17 17:22:45 2020,1614218263,0
Fri Jan 17 17:22:45 2020,1614218268,1
Fri Jan 17 17:22:45 2020,1614218273,0
Fri Jan 17 17:22:45 2020,1614218323,1
Fri Jan 17 17:22:45 2020,1614218328,0
Fri Jan 17 17:22:45 2020,1614218338,1
Fri Jan 17 17:22:45 2020,1614218343,0
Fri Jan 17 17:22:45 2020,1614218373,1
Fri Jan 17 17:22:45 2020,1614218378,0
Fri Jan 17 19:27:31 2020,510201912,1
Fri Jan 17 19:27:31 2020,510201917,0
Fri Jan 17 19:27:31 2020,510201922,1
Fri Jan 17 19:27:31 2020,510201927,0
Fri Jan 17 21:46:48 2020,277758817,1
Fri Jan 17 21:46:48 2020,277758822,0
Fri Jan 17 21:46:48 2020,277758847,1
Fri Jan 17 21:46:48 2020,277758852,0
Sat Jan 18 02:29:37 2020,66772910,1
Sat Jan 18 02:29:37 2020,66772915,0
Sat Jan 18 02:29:37 2020,66772925,1
Sat Jan 18 02:29:37 2020,66772930,0
Sat Jan 18 02:29:37 2020,66772935,1
Sat Jan 18 02:29:37 2020,66772940,0
Sat Jan 18 04:54:07 2020,146959637,1
Sat Jan 18 04:54:07 2020,146959642,0
Sat Jan 18 07:16:57 2020,127141605,1
Sat Jan 18 07:16:57 2020,127141610,0
Sat Jan 18 11:41:04 2020,3088866014,1
Sat Jan 18 11:41:04 2020,3088866019,0
Sat Jan 18 12:02:18 2020,68728864,1
Sat Jan 18 12:02:18 2020,68728869,0
Sat Jan 18 12:02:18 2020,68728899,1
Sat Jan 18 12:02:18 2020,68728904,0
Sat Jan 18 12:02:18 2020,68728944,1
Sat Jan 18 12:02:18 2020,68728949,0
Sat Jan 18 12:02:18 2020,68728959,1
Sat Jan 18 12:02:18 2020,68728964,0
Sat Jan 18 12:02:18 2020,68728979,1
Sat Jan 18 12:02:18 2020,68728984,0
Sat Jan 18 12:02:18 2020,68729019,1
Sat Jan 18 12:02:18 2020,68729024,0
Sat Jan 18 14:24:37 2020,17177402,1
Sat Jan 18 14:24:37 2020,17177407,0
Sat Jan 18 14:24:37 2020,17177432,1
Sat Jan 18 14:24:37 2020,17177437,0
Sat Jan 18 14:24:37 2020,17177447,1
Sat Jan 18 14:24:37 2020,17177452,0
Sat Jan 18 14:24:37 2020,17177457,1
Sat Jan 18 14:24:37 2020,17177462,0
Sat Jan 18 14:24:37 2020,17177472,1
Sat Jan 18 14:24:37 2020,17177482,0
Sat Jan 18 19:24:40 2020,840647638,1
Sat Jan 18 19:24:40 2020,840647643,0
Sat Jan 18 19:25:37 2020,898142574,1
Sat Jan 18 19:25:37 2020,898142584,0
Sat Jan 18 19:25:37 2020,898142599,1
Sat Jan 18 19:25:37 2020,898142609,0
Sat Jan 18 19:25:37 2020,898142624,1
Sat Jan 18 19:25:37 2020,898142629,0
Sat Jan 18 19:25:37 2020,898142639,1
Sat Jan 18 19:25:37 2020,898142644,0
Sat Jan 18 19:25:37 2020,898142689,1
Sat Jan 18 19:25:37 2020,898142694,0
Sat Jan 18 19:25:37 2020,898142754,1
Sat Jan 18 19:25:37 2020,898142759,0
Sat Jan 18 19:25:37 2020,898143154,1
Sat Jan 18 19:25:37 2020,898143159,0
Sat Jan 18 21:35:55 2020,126283784,1
Sat Jan 18 21:35:55 2020,126283789,0
Sat Jan 18 23:41:15 2020,3351217025,1
Sat Jan 18 23:41:15 2020,3351217030,0
Sun Jan 19 00:01:36 2020,277362240,1
Sun Jan 19 00:01:36 2020,277362245,0
Sun Jan 19 00:01:36 2020,277364720,1
Sun Jan 19 00:01:36 2020,277364725,0
Sun Jan 19 00:01:36 2020,277364755,1
Sun Jan 19 00:01:36 2020,277364760,0
Sun Jan 19 00:01:36 2020,277364765,1
Sun Jan 19 00:01:36 2020,277364775,0
Sun Jan 19 02:09:39 2020,3665521559,1
Sun Jan 19 02:09:39 2020,3665521564,0
Sun Jan 19 02:09:39 2020,3665521574,1
Sun Jan 19 02:09:39 2020,3665521579,0
Sun Jan 19 07:08:43 2020,134966894,1
Sun Jan 19 07:08:43 2020,134966904,0
Sun Jan 19 07:29:21 2020,1372752587,1
Sun Jan 19 07:29:21 2020,1372752592,0
Sun Jan 19 12:24:59 2020,1931309963,1
Sun Jan 19 12:24:59 2020,1931309968,0
Sun Jan 19 12:24:59 2020,1931309973,1
Sun Jan 19 12:24:59 2020,1931309978,0
Sun Jan 19 17:19:34 2020,2425784541,1
Sun Jan 19 17:19:34 2020,2425784546,0
Sun Jan 19 17:19:34 2020,2425784561,1
Sun Jan 19 17:19:34 2020,2425784566,0
Sun Jan 19 19:47:38 2020,2720277905,1
Sun Jan 19 19:47:38 2020,2720277910,0
Sun Jan 19 19:47:38 2020,2720277920,1
Sun Jan 19 19:47:38 2020,2720277925,0
Sun Jan 19 19:47:38 2020,2720278885,1
Sun Jan 19 19:47:38 2020,2720278890,0
Sun Jan 19 19:47:38 2020,2720278930,1
Sun Jan 19 19:47:38 2020,2720278940,0
Mon Jan 20 00:24:53 2020,2176033350,1
Mon Jan 20 00:24:53 2020,2176033355,0
Mon Jan 20 05:33:44 2020,3526635125,1
Mon Jan 20 05:33:44 2020,3526635130,0
Mon Jan 20 05:54:08 2020,455589737,1
Mon Jan 20 05:54:08 2020,455589742,0
Mon Jan 20 05:54:08 2020,455589762,1
Mon Jan 20 05:54:08 2020,455589772,0
Mon Jan 20 08:04:25 2020,3977697315,1
Mon Jan 20 08:04:25 2020,3977697320,0
Mon Jan 20 10:31:43 2020,4225942462,1
Mon Jan 20 10:31:43 2020,4225942477,0
Mon Jan 20 10:31:43 2020,4225942482,1
Mon Jan 20 10:31:43 2020,4225942487,0
Mon Jan 20 10:31:43 2020,4225942492,1
Mon Jan 20 10:31:43 2020,4225942507,0
Mon Jan 20 10:52:13 2020,1161747201,1
Mon Jan 20 10:52:46 2020,1194097923,0
Mon Jan 20 15:09:00 2020,3683698521,1
Mon Jan 20 15:09:00 2020,3683698526,0
Mon Jan 20 15:31:29 2020,737058803,1
Mon Jan 20 15:31:29 2020,737058808,0
Mon Jan 20 17:37:19 2020,3993075898,1
Mon Jan 20 17:37:19 2020,3993075903,0
Mon Jan 20 17:37:19 2020,3993075938,1
Mon Jan 20 17:37:19 2020,3993075943,0
Mon Jan 20 17:37:19 2020,3993075953,1
Mon Jan 20 17:37:19 2020,3993075958,0
Mon Jan 20 17:37:19 2020,3993076123,1
Mon Jan 20 17:37:19 2020,3993076128,0
Mon Jan 20 17:37:19 2020,3993093048,1
Mon Jan 20 17:37:19 2020,3993093053,0
Mon Jan 20 17:37:20 2020,3993704014,1
Mon Jan 20 17:37:20 2020,3993704019,0
Mon Jan 20 17:37:20 2020,3993816845,1
Mon Jan 20 17:37:20 2020,3993816850,0
Mon Jan 20 17:37:20 2020,3993817820,1
Mon Jan 20 17:37:20 2020,3993817825,0
Mon Jan 20 17:37:20 2020,3993834030,1
Mon Jan 20 17:37:20 2020,3993834035,0
Mon Jan 20 17:37:20 2020,3993834065,1
Mon Jan 20 17:37:20 2020,3993834070,0
Mon Jan 20 17:37:32 2020,4005244069,1
Mon Jan 20 17:37:32 2020,4005244074,0
Mon Jan 20 17:37:32 2020,4005244119,1
Mon Jan 20 17:37:32 2020,4005244124,0
Mon Jan 20 17:37:47 2020,4020822978,1
Mon Jan 20 17:38:11 2020,4044445738,0
Mon Jan 20 17:39:28 2020,4121377773,1
Mon Jan 20 17:39:28 2020,4121377778,0
Mon Jan 20 17:39:28 2020,4121377793,1
Mon Jan 20 17:39:28 2020,4121377798,0
Mon Jan 20 17:39:28 2020,4121378028,1
Mon Jan 20 17:39:28 2020,4121378033,0
Mon Jan 20 17:39:28 2020,4121378053,1
Mon Jan 20 17:39:28 2020,4121378058,0
Mon Jan 20 17:46:13 2020,231733398,1
Mon Jan 20 17:46:13 2020,231733403,0
Mon Jan 20 17:46:13 2020,231733408,1
Mon Jan 20 17:46:13 2020,231733413,0
Mon Jan 20 17:46:13 2020,231733418,1
Mon Jan 20 17:46:13 2020,231733423,0
Mon Jan 20 17:46:13 2020,231733428,1
Mon Jan 20 17:46:13 2020,231733443,0
Mon Jan 20 17:46:13 2020,231733453,1
Mon Jan 20 17:46:13 2020,231733468,0
Mon Jan 20 18:26:41 2020,2659352042,1
Mon Jan 20 18:26:41 2020,2659352047,0
Mon Jan 20 18:26:41 2020,2659352177,1
Mon Jan 20 18:26:41 2020,2659352182,0
Mon Jan 20 18:26:41 2020,2659352368,1
Mon Jan 20 18:26:41 2020,2659352373,0
Mon Jan 20 18:26:41 2020,2659352562,1
Mon Jan 20 18:26:41 2020,2659352567,0
Mon Jan 20 18:26:41 2020,2659352627,1
Mon Jan 20 18:26:41 2020,2659352632,0
Mon Jan 20 18:26:41 2020,2659352662,1
Mon Jan 20 18:26:41 2020,2659352667,0
Mon Jan 20 18:26:41 2020,2659352742,1
Mon Jan 20 18:26:41 2020,2659352747,0
Mon Jan 20 18:26:41 2020,2659352857,1
Mon Jan 20 18:26:41 2020,2659352862,0
Mon Jan 20 18:26:51 2020,2669754088,1
Mon Jan 20 18:26:51 2020,2669754098,0
Mon Jan 20 18:26:51 2020,2669754108,1
Mon Jan 20 18:26:51 2020,2669754113,0
Mon Jan 20 18:35:01 2020,3159596542,1
Mon Jan 20 18:35:01 2020,3159596547,0
Mon Jan 20 18:35:01 2020,3159596637,1
Mon Jan 20 18:35:01 2020,3159596642,0
Mon Jan 20 18:35:01 2020,3159669773,1
Mon Jan 20 18:35:01 2020,3159669778,0
Mon Jan 20 18:35:08 2020,3166305655,1
Mon Jan 20 18:35:08 2020,3166305660,0
Mon Jan 20 18:35:08 2020,3166305860,1
Mon Jan 20 18:35:08 2020,3166305865,0
Mon Jan 20 18:35:11 2020,3169427817,1
Mon Jan 20 18:35:11 2020,3169427827,0
Mon Jan 20 18:35:21 2020,3179875724,1
Mon Jan 20 18:35:21 2020,3179875729,0
Mon Jan 20 18:35:21 2020,3179875749,1
Mon Jan 20 18:35:21 2020,3179875754,0
Mon Jan 20 18:35:21 2020,3179875774,1
Mon Jan 20 18:35:21 2020,3179875779,0
Mon Jan 20 18:35:21 2020,3179875784,1
Mon Jan 20 18:35:21 2020,3179875794,0
Mon Jan 20 18:35:21 2020,3179875849,1
Mon Jan 20 18:35:21 2020,3179875854,0
Mon Jan 20 18:35:22 2020,3180841501,1
Mon Jan 20 18:35:22 2020,3180841506,0
Mon Jan 20 18:35:28 2020,3186359195,1
Mon Jan 20 18:35:28 2020,3186359200,0
Mon Jan 20 18:35:28 2020,3186359210,1
Mon Jan 20 18:35:28 2020,3186359220,0
Mon Jan 20 18:35:28 2020,3186359255,1
Mon Jan 20 18:35:28 2020,3186359260,0
Mon Jan 20 18:35:28 2020,3186359265,1
Mon Jan 20 18:35:28 2020,3186359270,0
Mon Jan 20 18:35:28 2020,3186359295,1
Mon Jan 20 18:35:28 2020,3186359300,0
Mon Jan 20 18:35:28 2020,3186359310,1
Mon Jan 20 18:35:28 2020,3186359325,0
Mon Jan 20 18:35:28 2020,3186359340,1
Mon Jan 20 18:35:28 2020,3186359355,0
Mon Jan 20 18:35:28 2020,3186359365,1
Mon Jan 20 18:35:28 2020,3186359375,0
Mon Jan 20 18:35:28 2020,3186359385,1
Mon Jan 20 18:35:28 2020,3186359395,0
Mon Jan 20 18:35:28 2020,3186359405,1
Mon Jan 20 18:35:28 2020,3186359410,0
Mon Jan 20 18:35:28 2020,3186359420,1
Mon Jan 20 18:35:28 2020,3186359425,0
Mon Jan 20 18:35:28 2020,3186359440,1
Mon Jan 20 18:35:28 2020,3186359450,0
Mon Jan 20 18:35:28 2020,3186359460,1
Mon Jan 20 18:35:28 2020,3186359475,0
Mon Jan 20 18:35:28 2020,3186359480,1
Mon Jan 20 18:35:28 2020,3186359515,0
Mon Jan 20 18:35:28 2020,3186359540,1
Mon Jan 20 18:35:28 2020,3186359545,0
Mon Jan 20 18:35:28 2020,3186359550,1
Mon Jan 20 18:35:28 2020,3186359555,0
Mon Jan 20 18:35:28 2020,3186359560,1
Mon Jan 20 18:35:28 2020,3186359565,0
Mon Jan 20 18:35:28 2020,3186359570,1
Mon Jan 20 18:35:28 2020,3186359575,0
Mon Jan 20 18:35:28 2020,3186359580,1
Mon Jan 20 18:35:28 2020,3186359590,0
Mon Jan 20 18:35:28 2020,3186359600,1
Mon Jan 20 18:35:28 2020,3186359605,0
Mon Jan 20 18:35:28 2020,3186359610,1
Mon Jan 20 18:35:28 2020,3186359615,0
Mon Jan 20 18:35:28 2020,3186359625,1
Mon Jan 20 18:35:28 2020,3186359630,0
Mon Jan 20 18:35:28 2020,3186359650,1
Mon Jan 20 18:35:28 2020,3186359655,0
Mon Jan 20 18:35:28 2020,3186359715,1
Mon Jan 20 18:35:28 2020,3186359720,0
Mon Jan 20 18:35:28 2020,3186359725,1
Mon Jan 20 18:35:28 2020,3186359730,0
Mon Jan 20 18:35:28 2020,3186359770,1
Mon Jan 20 18:35:28 2020,3186359775,0
Mon Jan 20 18:36:10 2020,3228246971,1
Mon Jan 20 18:36:10 2020,3228246976,0
Mon Jan 20 18:36:10 2020,3228247011,1
Mon Jan 20 18:36:10 2020,3228247016,0
Mon Jan 20 18:36:13 2020,3232101306,1
Mon Jan 20 18:36:13 2020,3232101316,0
Mon Jan 20 18:36:13 2020,3232101346,1
Mon Jan 20 18:36:13 2020,3232101351,0
Mon Jan 20 18:36:36 2020,3255062634,1
Mon Jan 20 18:36:36 2020,3255062639,0
Mon Jan 20 18:36:36 2020,3255062684,1
Mon Jan 20 18:36:36 2020,3255062689,0
Mon Jan 20 18:36:36 2020,3255062694,1
Mon Jan 20 18:36:36 2020,3255062699,0
Mon Jan 20 18:36:36 2020,3255062779,1
Mon Jan 20 18:36:36 2020,3255062784,0
Mon Jan 20 18:36:36 2020,3255062839,1
Mon Jan 20 18:36:36 2020,3255062844,0
Mon Jan 20 18:36:36 2020,3255062889,1
Mon Jan 20 18:36:36 2020,3255062894,0
Mon Jan 20 18:36:36 2020,3255062934,1
Mon Jan 20 18:36:36 2020,3255062939,0
Mon Jan 20 18:37:12 2020,3290884230,1
Mon Jan 20 18:37:12 2020,3290884235,0
Mon Jan 20 18:37:12 2020,3290884290,1
Mon Jan 20 18:37:12 2020,3290884295,0
Mon Jan 20 18:37:12 2020,3290885175,1
Mon Jan 20 18:37:12 2020,3290885180,0
Mon Jan 20 18:37:12 2020,3290885190,1
Mon Jan 20 18:37:12 2020,3290885195,0
Mon Jan 20 18:37:29 2020,3308075388,1
Mon Jan 20 18:37:29 2020,3308075393,0
Mon Jan 20 18:37:30 2020,3308234034,1
Mon Jan 20 18:37:30 2020,3308234039,0
Mon Jan 20 18:37:30 2020,3308234859,1
Mon Jan 20 18:37:30 2020,3308234864,0
Mon Jan 20 18:37:30 2020,3308255399,1
Mon Jan 20 18:37:30 2020,3308255404,0
Mon Jan 20 18:37:30 2020,3308255409,1
Mon Jan 20 18:37:30 2020,3308255414,0
Mon Jan 20 19:41:13 2020,2836311394,1
Mon Jan 20 19:41:13 2020,2836311399,0
Mon Jan 20 22:21:28 2020,3862048358,1
Mon Jan 20 22:21:28 2020,3862048363,0
Mon Jan 20 22:21:28 2020,3862048373,1
Mon Jan 20 22:21:28 2020,3862048383,0
Tue Jan 21 00:39:45 2020,3568669940,1
Tue Jan 21 00:39:45 2020,3568669945,0
Tue Jan 21 00:39:45 2020,3568669950,1
Tue Jan 21 00:39:45 2020,3568669955,0
Tue Jan 21 00:39:45 2020,3568669960,1
Tue Jan 21 00:39:45 2020,3568669965,0
Tue Jan 21 00:39:45 2020,3568669970,1
Tue Jan 21 00:39:45 2020,3568669975,0
Tue Jan 21 07:36:18 2020,2792295610,1
Tue Jan 21 07:36:18 2020,2792295620,0
Tue Jan 21 07:36:18 2020,2792295625,1
Tue Jan 21 07:36:18 2020,2792295630,0
Tue Jan 21 07:36:18 2020,2792295640,1
Tue Jan 21 07:36:18 2020,2792295645,0
Tue Jan 21 07:36:18 2020,2792295665,1
Tue Jan 21 07:36:18 2020,2792295670,0
Tue Jan 21 07:36:18 2020,2792297390,1
Tue Jan 21 07:36:18 2020,2792297395,0
Tue Jan 21 07:36:18 2020,2792299000,1
Tue Jan 21 07:36:18 2020,2792299005,0
Tue Jan 21 09:56:04 2020,2588440002,1
Tue Jan 21 09:56:04 2020,2588440007,0
Tue Jan 21 12:10:47 2020,2081566918,1
Tue Jan 21 12:10:47 2020,2081566923,0
Tue Jan 21 16:10:30 2020,3579472406,1
Tue Jan 21 16:10:30 2020,3579472411,0
Tue Jan 21 16:10:30 2020,3579472421,1
Tue Jan 21 16:10:30 2020,3579472426,0
Tue Jan 21 16:10:30 2020,3579472431,1
Tue Jan 21 16:10:30 2020,3579472436,0
Tue Jan 21 16:33:45 2020,676734070,1
Tue Jan 21 16:33:45 2020,676734075,0
Tue Jan 21 16:33:45 2020,676734080,1
Tue Jan 21 16:33:45 2020,676734085,0
Tue Jan 21 16:33:45 2020,676734090,1
Tue Jan 21 16:33:45 2020,676734095,0
Tue Jan 21 16:33:45 2020,676734105,1
Tue Jan 21 16:33:45 2020,676734110,0
Tue Jan 21 18:48:19 2020,105033976,1
Tue Jan 21 18:48:20 2020,106236304,0
Tue Jan 21 18:51:17 2020,283053262,1
Wed Jan 22 11:44:06 2020,663554924,1
Wed Jan 22 11:44:08 2020,666346376,0
Wed Jan 22 11:44:13 2020,671333613,1
Wed Jan 22 11:44:15 2020,673005927,0
Wed Jan 22 12:36:24 2020,1407997260,1
Wed Jan 22 12:36:24 2020,1407997270,0
Wed Jan 22 13:00:08 2020,2832464856,1
Wed Jan 22 13:00:54 2020,2877862096,0
Wed Jan 22 14:48:36 2020,750089124,1
Wed Jan 22 14:48:36 2020,750089129,0
Wed Jan 22 14:48:36 2020,750089174,1
Wed Jan 22 14:48:36 2020,750089184,0
Wed Jan 22 14:48:36 2020,750089194,1
Wed Jan 22 14:48:36 2020,750089204,0
Wed Jan 22 14:48:36 2020,750089224,1
Wed Jan 22 14:48:36 2020,750089234,0
Wed Jan 22 15:54:27 2020,406344108,1
Wed Jan 22 15:54:27 2020,406344113,0
Wed Jan 22 16:31:31 2020,2630468027,1
Wed Jan 22 16:35:51 2020,2890727596,0
Wed Jan 22 16:35:51 2020,2890727601,1
Wed Jan 22 18:50:57 2020,2406262708,0
Wed Jan 22 18:50:57 2020,2406262718,1
Wed Jan 22 23:48:15 2020,3064413731,0
Wed Jan 22 23:48:15 2020,3064413736,1
Thu Jan 23 09:09:23 2020,2373369266,0
Thu Jan 23 09:09:23 2020,2373369271,1
Thu Jan 23 09:55:29 2020,844245085,0
Thu Jan 23 09:55:29 2020,844312160,1
Thu Jan 23 09:55:51 2020,866377396,0
Thu Jan 23 10:37:52 2020,3387811918,1
Thu Jan 23 10:37:52 2020,3387811923,0
Thu Jan 23 11:27:05 2020,2045604195,1
Thu Jan 23 11:27:05 2020,2045604200,0
Thu Jan 23 13:52:08 2020,2158769890,1
Thu Jan 23 14:05:35 2020,2965321456,0
Thu Jan 23 14:05:35 2020,2965397777,1
Thu Jan 23 14:05:53 2020,2983868613,0
Thu Jan 23 16:03:29 2020,1450137825,1
Thu Jan 23 16:03:29 2020,1450137830,0
Thu Jan 23 17:01:41 2020,646620795,1
Thu Jan 23 17:05:51 2020,896647738,0
Thu Jan 23 17:07:41 2020,1007284183,1
Thu Jan 23 17:07:41 2020,1007284188,0
Thu Jan 23 20:16:04 2020,3720511159,1
Thu Jan 23 20:16:04 2020,3720511164,0
Thu Jan 23 20:16:04 2020,3720511189,1
Thu Jan 23 20:16:04 2020,3720511194,0
Thu Jan 23 20:25:27 2020,4283094373,1
Thu Jan 23 20:25:27 2020,4283094378,0
Thu Jan 23 22:56:51 2020,482455631,1
Thu Jan 23 22:56:51 2020,482455636,0
Fri Jan 24 01:14:33 2020,154700425,1
Fri Jan 24 01:14:33 2020,154700430,0
Fri Jan 24 07:43:55 2020,2042191893,1
Fri Jan 24 07:43:55 2020,2042191898,0
Fri Jan 24 08:09:22 2020,3568976727,1
Fri Jan 24 08:09:22 2020,3568976732,0
Fri Jan 24 10:23:54 2020,3051286611,1
Fri Jan 24 10:23:54 2020,3051286616,0
Fri Jan 24 10:23:54 2020,3051286661,1
Fri Jan 24 10:23:54 2020,3051286666,0
Fri Jan 24 10:23:54 2020,3051286711,1
Fri Jan 24 10:23:54 2020,3051286716,0
Fri Jan 24 10:23:54 2020,3051286721,1
Fri Jan 24 10:23:54 2020,3051286726,0
Fri Jan 24 10:23:54 2020,3051287061,1
Fri Jan 24 10:23:54 2020,3051287066,0
Fri Jan 24 10:23:54 2020,3051288351,1
Fri Jan 24 10:23:54 2020,3051288356,0
Fri Jan 24 11:34:01 2020,2963137847,1
Fri Jan 24 11:34:50 2020,3012005696,0
Fri Jan 24 11:34:50 2020,3012064366,1
Fri Jan 24 11:36:53 2020,3134562996,0
Fri Jan 24 11:54:49 2020,4211404931,1
Fri Jan 24 11:54:49 2020,4211404936,0
Fri Jan 24 13:58:45 2020,3057667880,1
Fri Jan 24 14:01:19 2020,3211015658,0
Fri Jan 24 14:01:19 2020,3211065048,1
Fri Jan 24 14:01:36 2020,3228107246,0
Fri Jan 24 16:16:34 2020,2735904324,1
Fri Jan 24 17:25:59 2020,2605978769,0
Fri Jan 24 17:25:59 2020,2606058659,1
Fri Jan 24 17:31:29 2020,2936080200,0
Fri Jan 24 17:31:50 2020,2957543019,1
Fri Jan 24 17:31:50 2020,2957833165,0
Fri Jan 24 18:54:30 2020,3622404221,1
Fri Jan 24 18:54:30 2020,3622404226,0
Fri Jan 24 18:54:30 2020,3622505566,1
Fri Jan 24 18:54:30 2020,3622505571,0
Fri Jan 24 18:55:32 2020,3683999927,1
Fri Jan 24 18:55:32 2020,3683999932,0
Fri Jan 24 18:55:41 2020,3693201215,1
Fri Jan 24 18:55:41 2020,3693201220,0
Fri Jan 24 19:02:30 2020,4102651061,1
Fri Jan 24 19:02:30 2020,4102651066,0
Fri Jan 24 21:13:27 2020,3369111308,1
Fri Jan 24 21:13:27 2020,3369111313,0
Sat Jan 25 01:38:25 2020,2087940713,1
Sat Jan 25 01:38:25 2020,2087940723,0
Sat Jan 25 03:51:47 2020,1500282744,1
Sat Jan 25 03:51:47 2020,1500282749,0
Sat Jan 25 08:19:56 2020,409290540,1
Sat Jan 25 08:19:56 2020,409290545,0
Sat Jan 25 14:53:51 2020,2569317662,1
Sat Jan 25 14:53:51 2020,2569317667,0
Sat Jan 25 14:53:51 2020,2569317688,1
Sat Jan 25 14:53:51 2020,2569317693,0
Sat Jan 25 16:39:32 2020,320768800,1
Sat Jan 25 16:39:32 2020,320768805,0
Sat Jan 25 18:51:07 2020,3920981261,1
Sat Jan 25 18:51:07 2020,3920981266,0
Sat Jan 25 19:14:59 2020,1058276215,1
Sat Jan 25 19:14:59 2020,1058276220,0
Sat Jan 25 21:03:50 2020,3293683792,1
Sat Jan 25 21:03:50 2020,3293683797,0
Sat Jan 25 21:03:50 2020,3293683807,1
Sat Jan 25 21:03:50 2020,3293683812,0
Sat Jan 25 21:27:36 2020,424949881,1
Sat Jan 25 21:27:36 2020,424949886,0
Sat Jan 25 21:27:36 2020,424950896,1
Sat Jan 25 21:27:36 2020,424950901,0
Sat Jan 25 21:27:36 2020,424950911,1
Sat Jan 25 21:27:36 2020,424950916,0
Sat Jan 25 21:27:36 2020,424950931,1
Sat Jan 25 21:27:36 2020,424950941,0
Sun Jan 26 01:53:21 2020,3485171299,1
Sun Jan 26 01:53:21 2020,3485171304,0
Sun Jan 26 08:09:29 2020,283663911,1
Sun Jan 26 08:09:29 2020,283663926,0
Sun Jan 26 10:47:19 2020,1164146183,1
Sun Jan 26 10:47:19 2020,1164146188,0
Sun Jan 26 13:00:34 2020,569314651,1
Sun Jan 26 13:00:34 2020,569314656,0
Sun Jan 26 17:02:38 2020,2208333887,1
Sun Jan 26 17:02:38 2020,2208333892,0
Sun Jan 26 17:26:17 2020,3627050233,1
Sun Jan 26 17:26:17 2020,3627050238,0
Sun Jan 26 21:52:17 2020,2407740974,1
Sun Jan 26 21:52:17 2020,2407740979,0
Mon Jan 27 01:56:26 2020,4171860817,1
Mon Jan 27 01:56:26 2020,4171860822,0
Mon Jan 27 02:19:59 2020,1290099792,1
Mon Jan 27 02:19:59 2020,1290099797,0
Mon Jan 27 02:19:59 2020,1290100742,1
Mon Jan 27 02:19:59 2020,1290100747,0
Mon Jan 27 04:34:00 2020,740594175,1
Mon Jan 27 04:34:00 2020,740594195,0
Mon Jan 27 06:36:53 2020,3819275126,1
Mon Jan 27 06:36:53 2020,3819275131,0
Mon Jan 27 06:44:41 2020,4286773499,1
Mon Jan 27 06:44:41 2020,4286773504,0
Mon Jan 27 06:44:55 2020,6311595,1
Mon Jan 27 06:44:55 2020,6311600,0
Mon Jan 27 06:44:55 2020,6311695,1
Mon Jan 27 06:44:55 2020,6311700,0
Mon Jan 27 10:53:34 2020,2040485966,1
Mon Jan 27 10:53:34 2020,2040486011,0
Mon Jan 27 11:37:01 2020,352575538,1
Mon Jan 27 11:37:02 2020,353530196,0
Mon Jan 27 11:37:06 2020,356943314,1
Mon Jan 27 11:37:09 2020,360292873,0
Mon Jan 27 12:04:49 2020,2020658820,1
Mon Jan 27 12:05:15 2020,2046113249,0
Mon Jan 27 12:23:18 2020,3129054200,1
Mon Jan 27 12:23:18 2020,3129054205,0
Mon Jan 27 12:23:18 2020,3129668647,1
Mon Jan 27 12:23:18 2020,3129668652,0
Mon Jan 27 13:27:59 2020,2715893539,1
Mon Jan 27 13:27:59 2020,2715893544,0
Mon Jan 27 13:30:47 2020,2883025887,1
Mon Jan 27 13:30:47 2020,2883025892,0
Mon Jan 27 13:37:48 2020,3303937038,1
Mon Jan 27 13:37:48 2020,3303937043,0
Mon Jan 27 13:37:48 2020,3304075503,1
Mon Jan 27 13:37:48 2020,3304075508,0
Mon Jan 27 13:37:48 2020,3304784704,1
Mon Jan 27 13:37:48 2020,3304784709,0
Mon Jan 27 13:37:48 2020,3304784714,1
Mon Jan 27 13:37:48 2020,3304784719,0
Mon Jan 27 17:22:10 2020,3882033128,1
Mon Jan 27 17:22:10 2020,3882033133,0
Mon Jan 27 17:22:10 2020,3882033153,1
Mon Jan 27 17:22:10 2020,3882033158,0
Mon Jan 27 17:22:10 2020,3882033163,1
Mon Jan 27 17:22:10 2020,3882033168,0
Mon Jan 27 17:22:10 2020,3882033228,1
Mon Jan 27 17:22:10 2020,3882033233,0
Mon Jan 27 17:22:10 2020,3882033238,1
Mon Jan 27 17:22:10 2020,3882033243,0
Mon Jan 27 17:22:10 2020,3882033248,1
Mon Jan 27 17:22:10 2020,3882033253,0
Mon Jan 27 17:22:10 2020,3882033263,1
Mon Jan 27 17:22:10 2020,3882033273,0
Mon Jan 27 17:22:10 2020,3882033308,1
Mon Jan 27 17:22:10 2020,3882033318,0
Mon Jan 27 17:22:10 2020,3882033338,1
Mon Jan 27 17:22:10 2020,3882033343,0
Mon Jan 27 17:22:10 2020,3882033348,1
Mon Jan 27 17:22:10 2020,3882033353,0
Mon Jan 27 17:22:10 2020,3882033358,1
Mon Jan 27 17:22:10 2020,3882033368,0
Mon Jan 27 17:22:10 2020,3882033373,1
Mon Jan 27 17:22:10 2020,3882033378,0
Mon Jan 27 17:22:10 2020,3882033383,1
Mon Jan 27 17:22:10 2020,3882033388,0
Mon Jan 27 17:22:10 2020,3882033393,1
Mon Jan 27 17:22:10 2020,3882033398,0
Mon Jan 27 17:22:10 2020,3882033423,1
Mon Jan 27 17:22:10 2020,3882033438,0
Mon Jan 27 17:22:10 2020,3882033448,1
Mon Jan 27 17:22:10 2020,3882033458,0
Mon Jan 27 17:22:10 2020,3882033463,1
Mon Jan 27 17:22:10 2020,3882033478,0
Mon Jan 27 17:22:10 2020,3882033488,1
Mon Jan 27 17:22:10 2020,3882033498,0
Mon Jan 27 17:22:10 2020,3882033503,1
Mon Jan 27 17:22:10 2020,3882033508,0
Mon Jan 27 17:22:10 2020,3882033518,1
Mon Jan 27 17:22:10 2020,3882033523,0
Mon Jan 27 17:22:10 2020,3882033528,1
Mon Jan 27 17:22:10 2020,3882033533,0
Mon Jan 27 17:22:10 2020,3882033553,1
Mon Jan 27 17:22:10 2020,3882033558,0
Mon Jan 27 17:22:10 2020,3882033573,1
Mon Jan 27 17:22:10 2020,3882033598,0
Mon Jan 27 17:22:10 2020,3882033608,1
Mon Jan 27 17:22:10 2020,3882033623,0
Mon Jan 27 17:22:10 2020,3882033628,1
Mon Jan 27 17:22:10 2020,3882033633,0
Mon Jan 27 17:22:10 2020,3882033638,1
Mon Jan 27 17:22:10 2020,3882033648,0
Mon Jan 27 17:22:10 2020,3882033658,1
Mon Jan 27 17:22:10 2020,3882033668,0
Mon Jan 27 17:22:10 2020,3882033673,1
Mon Jan 27 17:22:10 2020,3882033678,0
Mon Jan 27 17:22:10 2020,3882033688,1
Mon Jan 27 17:22:10 2020,3882033693,0
Mon Jan 27 17:22:10 2020,3882033713,1
Mon Jan 27 17:22:10 2020,3882033723,0
Mon Jan 27 17:22:10 2020,3882033728,1
Mon Jan 27 17:22:10 2020,3882033738,0
Mon Jan 27 17:22:10 2020,3882033743,1
Mon Jan 27 17:22:10 2020,3882033753,0
Mon Jan 27 17:22:10 2020,3882033758,1
Mon Jan 27 17:22:10 2020,3882033763,0
Mon Jan 27 17:22:10 2020,3882033788,1
Mon Jan 27 17:22:10 2020,3882033793,0
Mon Jan 27 17:22:10 2020,3882033833,1
Mon Jan 27 17:22:10 2020,3882033863,0
Mon Jan 27 17:22:10 2020,3882033873,1
Mon Jan 27 17:22:10 2020,3882033883,0
Mon Jan 27 17:22:10 2020,3882033908,1
Mon Jan 27 17:22:10 2020,3882033913,0
Mon Jan 27 17:22:10 2020,3882033938,1
Mon Jan 27 17:22:10 2020,3882033948,0
Mon Jan 27 17:22:10 2020,3882033998,1
Mon Jan 27 17:22:10 2020,3882034003,0
Mon Jan 27 17:22:10 2020,3882034008,1
Mon Jan 27 17:22:10 2020,3882034013,0
Mon Jan 27 17:22:10 2020,3882034148,1
Mon Jan 27 17:22:10 2020,3882034153,0
Mon Jan 27 17:22:10 2020,3882034183,1
Mon Jan 27 17:22:10 2020,3882034193,0
Mon Jan 27 17:22:10 2020,3882034203,1
Mon Jan 27 17:22:10 2020,3882034208,0
Mon Jan 27 17:22:10 2020,3882034213,1
Mon Jan 27 17:22:10 2020,3882034223,0
Mon Jan 27 17:22:10 2020,3882034228,1
Mon Jan 27 17:22:10 2020,3882034238,0
Mon Jan 27 17:22:10 2020,3882034253,1
Mon Jan 27 17:22:10 2020,3882034258,0
Mon Jan 27 17:22:10 2020,3882034263,1
Mon Jan 27 17:22:10 2020,3882034268,0
Mon Jan 27 17:22:10 2020,3882034273,1
Mon Jan 27 17:22:10 2020,3882034283,0
Mon Jan 27 17:22:10 2020,3882034288,1
Mon Jan 27 17:22:10 2020,3882034293,0
Mon Jan 27 17:22:10 2020,3882034303,1
Mon Jan 27 17:22:10 2020,3882034308,0
Mon Jan 27 17:22:10 2020,3882034313,1
Mon Jan 27 17:22:10 2020,3882034323,0
Mon Jan 27 17:22:10 2020,3882034328,1
Mon Jan 27 17:22:10 2020,3882034333,0
Mon Jan 27 17:22:10 2020,3882034353,1
Mon Jan 27 17:22:10 2020,3882034368,0
Mon Jan 27 17:22:10 2020,3882034373,1
Mon Jan 27 17:22:10 2020,3882034378,0
Mon Jan 27 17:22:10 2020,3882034413,1
Mon Jan 27 17:22:10 2020,3882034418,0
Mon Jan 27 17:22:10 2020,3882034423,1
Mon Jan 27 17:22:10 2020,3882034428,0
Mon Jan 27 17:22:10 2020,3882034433,1
Mon Jan 27 17:22:10 2020,3882034438,0
Mon Jan 27 17:22:10 2020,3882034458,1
Mon Jan 27 17:22:10 2020,3882034463,0
Mon Jan 27 17:22:10 2020,3882034478,1
Mon Jan 27 17:22:10 2020,3882034488,0
Mon Jan 27 17:22:10 2020,3882034493,1
Mon Jan 27 17:22:10 2020,3882034498,0
Mon Jan 27 17:22:10 2020,3882034503,1
Mon Jan 27 17:22:10 2020,3882034508,0
Mon Jan 27 17:22:10 2020,3882034513,1
Mon Jan 27 17:22:10 2020,3882034518,0
Mon Jan 27 17:22:10 2020,3882034523,1
Mon Jan 27 17:22:10 2020,3882034533,0
Mon Jan 27 17:22:10 2020,3882034553,1
Mon Jan 27 17:22:10 2020,3882034563,0
Mon Jan 27 17:22:10 2020,3882034568,1
Mon Jan 27 17:22:10 2020,3882034573,0
Mon Jan 27 17:22:10 2020,3882034583,1
Mon Jan 27 17:22:10 2020,3882034593,0
Mon Jan 27 17:22:10 2020,3882034598,1
Mon Jan 27 17:22:10 2020,3882034603,0
Mon Jan 27 17:22:10 2020,3882034608,1
Mon Jan 27 17:22:10 2020,3882034613,0
Mon Jan 27 17:22:10 2020,3882034623,1
Mon Jan 27 17:22:10 2020,3882034628,0
Mon Jan 27 17:22:10 2020,3882034633,1
Mon Jan 27 17:22:10 2020,3882034638,0
Mon Jan 27 17:22:10 2020,3882034643,1
Mon Jan 27 17:22:10 2020,3882034648,0
Mon Jan 27 17:22:10 2020,3882034653,1
Mon Jan 27 17:22:10 2020,3882034668,0
Mon Jan 27 17:22:10 2020,3882034688,1
Mon Jan 27 17:22:10 2020,3882034693,0
Mon Jan 27 17:22:10 2020,3882034703,1
Mon Jan 27 17:22:10 2020,3882034723,0
Mon Jan 27 17:22:10 2020,3882034748,1
Mon Jan 27 17:22:10 2020,3882034753,0
Mon Jan 27 17:22:10 2020,3882034778,1
Mon Jan 27 17:22:10 2020,3882034793,0
Mon Jan 27 17:22:10 2020,3882034808,1
Mon Jan 27 17:22:10 2020,3882034818,0
Mon Jan 27 17:22:10 2020,3882034823,1
Mon Jan 27 17:22:10 2020,3882034828,0
Mon Jan 27 17:22:10 2020,3882034838,1
Mon Jan 27 17:22:10 2020,3882034843,0
Mon Jan 27 17:22:10 2020,3882034868,1
Mon Jan 27 17:22:10 2020,3882034873,0
Mon Jan 27 17:22:10 2020,3882034878,1
Mon Jan 27 17:22:10 2020,3882034883,0
Mon Jan 27 17:22:10 2020,3882034893,1
Mon Jan 27 17:22:10 2020,3882034898,0
Mon Jan 27 17:22:10 2020,3882034903,1
Mon Jan 27 17:22:10 2020,3882034908,0
Mon Jan 27 17:22:10 2020,3882034928,1
Mon Jan 27 17:22:10 2020,3882034933,0
Mon Jan 27 17:22:10 2020,3882034938,1
Mon Jan 27 17:22:10 2020,3882034943,0
Mon Jan 27 17:22:10 2020,3882034948,1
Mon Jan 27 17:22:10 2020,3882034953,0
Mon Jan 27 17:22:10 2020,3882034958,1
Mon Jan 27 17:22:10 2020,3882034963,0
Mon Jan 27 17:22:10 2020,3882035003,1
Mon Jan 27 17:22:10 2020,3882035008,0
Mon Jan 27 17:22:10 2020,3882035028,1
Mon Jan 27 17:22:10 2020,3882035033,0
Mon Jan 27 17:22:10 2020,3882035038,1
Mon Jan 27 17:22:10 2020,3882035048,0
Mon Jan 27 17:22:10 2020,3882035053,1
Mon Jan 27 17:22:10 2020,3882035063,0
Mon Jan 27 17:22:10 2020,3882035068,1
Mon Jan 27 17:22:10 2020,3882035073,0
Mon Jan 27 17:22:10 2020,3882035118,1
Mon Jan 27 17:22:10 2020,3882035128,0
Mon Jan 27 17:22:10 2020,3882035138,1
Mon Jan 27 17:22:10 2020,3882035148,0
Mon Jan 27 17:22:10 2020,3882035153,1
Mon Jan 27 17:22:10 2020,3882035158,0
Mon Jan 27 17:22:10 2020,3882035168,1
Mon Jan 27 17:22:10 2020,3882035173,0
Mon Jan 27 17:22:10 2020,3882035178,1
Mon Jan 27 17:22:10 2020,3882035183,0
Mon Jan 27 17:22:10 2020,3882035198,1
Mon Jan 27 17:22:10 2020,3882035213,0
Mon Jan 27 17:22:10 2020,3882035238,1
Mon Jan 27 17:22:10 2020,3882035243,0
Mon Jan 27 17:22:10 2020,3882035248,1
Mon Jan 27 17:22:10 2020,3882035253,0
Mon Jan 27 17:22:10 2020,3882035258,1
Mon Jan 27 17:22:10 2020,3882035268,0
Mon Jan 27 17:22:10 2020,3882035273,1
Mon Jan 27 17:22:10 2020,3882035283,0
Mon Jan 27 17:22:10 2020,3882035298,1
Mon Jan 27 17:22:10 2020,3882035303,0
Mon Jan 27 17:22:10 2020,3882035313,1
Mon Jan 27 17:22:10 2020,3882035318,0
Mon Jan 27 17:22:10 2020,3882035323,1
Mon Jan 27 17:22:10 2020,3882035328,0
Mon Jan 27 17:22:10 2020,3882035338,1
Mon Jan 27 17:22:10 2020,3882035348,0
Mon Jan 27 17:22:10 2020,3882035353,1
Mon Jan 27 17:22:10 2020,3882035368,0
Mon Jan 27 17:22:10 2020,3882035378,1
Mon Jan 27 17:22:11 2020,3882035383,0
Mon Jan 27 17:22:11 2020,3882035388,1
Mon Jan 27 17:22:11 2020,3882035393,0
Mon Jan 27 17:22:11 2020,3882035413,1
Mon Jan 27 17:22:11 2020,3882035423,0
Mon Jan 27 17:22:11 2020,3882035443,1
Mon Jan 27 17:22:11 2020,3882035448,0
Mon Jan 27 17:22:11 2020,3882035458,1
Mon Jan 27 17:22:11 2020,3882035463,0
Mon Jan 27 17:22:11 2020,3882035498,1
Mon Jan 27 17:22:11 2020,3882035503,0
Mon Jan 27 17:22:11 2020,3882035533,1
Mon Jan 27 17:22:11 2020,3882035538,0
Mon Jan 27 17:22:11 2020,3882035578,1
Mon Jan 27 17:22:11 2020,3882035593,0
Mon Jan 27 17:22:11 2020,3882035613,1
Mon Jan 27 17:22:11 2020,3882035618,0
Mon Jan 27 17:22:11 2020,3882035633,1
Mon Jan 27 17:22:11 2020,3882035638,0
Mon Jan 27 17:22:11 2020,3882035663,1
Mon Jan 27 17:22:11 2020,3882035668,0
Mon Jan 27 17:22:11 2020,3882035683,1
Mon Jan 27 17:22:11 2020,3882035688,0
Mon Jan 27 17:22:11 2020,3882035698,1
Mon Jan 27 17:22:11 2020,3882035708,0
Mon Jan 27 17:22:11 2020,3882035738,1
Mon Jan 27 17:22:11 2020,3882035753,0
Mon Jan 27 17:22:11 2020,3882035803,1
Mon Jan 27 17:22:11 2020,3882035808,0
Mon Jan 27 17:22:11 2020,3882035833,1
Mon Jan 27 17:22:11 2020,3882035838,0
Mon Jan 27 17:22:11 2020,3882035848,1
Mon Jan 27 17:22:11 2020,3882035853,0
Mon Jan 27 17:22:11 2020,3882035873,1
Mon Jan 27 17:22:11 2020,3882035883,0
Mon Jan 27 17:22:11 2020,3882035888,1
Mon Jan 27 17:22:11 2020,3882035893,0
Mon Jan 27 17:22:11 2020,3882035898,1
Mon Jan 27 17:22:11 2020,3882035913,0
Mon Jan 27 17:22:11 2020,3882035918,1
Mon Jan 27 17:22:11 2020,3882035923,0
Mon Jan 27 17:22:11 2020,3882035943,1
Mon Jan 27 17:22:11 2020,3882035948,0
Mon Jan 27 17:22:11 2020,3882035958,1
Mon Jan 27 17:22:11 2020,3882035963,0
Mon Jan 27 17:22:11 2020,3882035978,1
Mon Jan 27 17:22:11 2020,3882035983,0
Mon Jan 27 17:22:11 2020,3882035998,1
Mon Jan 27 17:22:11 2020,3882036003,0
Mon Jan 27 17:22:11 2020,3882036013,1
Mon Jan 27 17:22:11 2020,3882036018,0
Mon Jan 27 17:22:11 2020,3882036028,1
Mon Jan 27 17:22:11 2020,3882036033,0
Mon Jan 27 17:22:11 2020,3882036048,1
Mon Jan 27 17:22:11 2020,3882036053,0
Mon Jan 27 17:22:11 2020,3882036068,1
Mon Jan 27 17:22:11 2020,3882036078,0
Mon Jan 27 17:22:11 2020,3882036088,1
Mon Jan 27 17:22:11 2020,3882036093,0
Mon Jan 27 17:22:11 2020,3882036103,1
Mon Jan 27 17:22:11 2020,3882036108,0
Mon Jan 27 17:22:11 2020,3882036138,1
Mon Jan 27 17:22:11 2020,3882036148,0
Mon Jan 27 17:22:11 2020,3882036158,1
Mon Jan 27 17:22:11 2020,3882036168,0
Mon Jan 27 17:22:11 2020,3882036178,1
Mon Jan 27 17:22:11 2020,3882036183,0
Mon Jan 27 17:22:11 2020,3882036203,1
Mon Jan 27 17:22:11 2020,3882036208,0
Mon Jan 27 17:22:11 2020,3882036218,1
Mon Jan 27 17:22:11 2020,3882036228,0
Mon Jan 27 17:22:11 2020,3882036248,1
Mon Jan 27 17:22:11 2020,3882036253,0
Mon Jan 27 17:22:11 2020,3882036263,1
Mon Jan 27 17:22:11 2020,3882036268,0
Mon Jan 27 17:22:11 2020,3882036278,1
Mon Jan 27 17:22:11 2020,3882036283,0
Mon Jan 27 17:22:11 2020,3882036288,1
Mon Jan 27 17:22:11 2020,3882036298,0
Mon Jan 27 17:22:11 2020,3882036318,1
Mon Jan 27 17:22:11 2020,3882036323,0
Mon Jan 27 17:22:11 2020,3882036338,1
Mon Jan 27 17:22:11 2020,3882036343,0
Mon Jan 27 17:22:11 2020,3882036353,1
Mon Jan 27 17:22:11 2020,3882036358,0
Mon Jan 27 17:22:11 2020,3882036753,1
Mon Jan 27 17:22:11 2020,3882036763,0
Mon Jan 27 17:22:11 2020,3882036783,1
Mon Jan 27 17:22:11 2020,3882036793,0
Mon Jan 27 17:22:11 2020,3882037048,1
Mon Jan 27 17:22:11 2020,3882037053,0
Mon Jan 27 17:22:11 2020,3882037128,1
Mon Jan 27 17:22:11 2020,3882037133,0
Mon Jan 27 17:22:11 2020,3882037193,1
Mon Jan 27 17:22:11 2020,3882037198,0
Mon Jan 27 17:22:11 2020,3882037278,1
Mon Jan 27 17:22:11 2020,3882037283,0
Mon Jan 27 17:22:11 2020,3882037943,1
Mon Jan 27 17:22:11 2020,3882037948,0
Mon Jan 27 17:28:36 2020,4267152953,1
Mon Jan 27 17:28:36 2020,4267152958,0
Mon Jan 27 17:28:36 2020,4267152963,1
Mon Jan 27 17:28:36 2020,4267152968,0
Mon Jan 27 17:28:45 2020,4276520581,1
Mon Jan 27 17:29:35 2020,31844258,0
Mon Jan 27 17:31:17 2020,133866056,1
Mon Jan 27 17:31:17 2020,133866061,0
Mon Jan 27 17:31:17 2020,133866136,1
Mon Jan 27 17:31:17 2020,133866141,0
Mon Jan 27 17:31:17 2020,133866201,1
Mon Jan 27 17:31:17 2020,133866211,0
Mon Jan 27 17:31:17 2020,133866221,1
Mon Jan 27 17:31:17 2020,133866226,0
Mon Jan 27 17:31:17 2020,133866241,1
Mon Jan 27 17:31:17 2020,133866251,0
Mon Jan 27 17:31:17 2020,133866256,1
Mon Jan 27 17:31:17 2020,133866261,0
Mon Jan 27 17:31:17 2020,133866266,1
Mon Jan 27 17:31:17 2020,133866276,0
Mon Jan 27 17:31:17 2020,133866286,1
Mon Jan 27 17:31:17 2020,133866291,0
Mon Jan 27 17:31:17 2020,133866296,1
Mon Jan 27 17:31:17 2020,133866301,0
Mon Jan 27 17:31:17 2020,133866311,1
Mon Jan 27 17:31:17 2020,133866316,0
Mon Jan 27 17:31:17 2020,133866321,1
Mon Jan 27 17:31:17 2020,133866326,0
Mon Jan 27 17:31:17 2020,133866341,1
Mon Jan 27 17:31:17 2020,133866346,0
Mon Jan 27 17:31:17 2020,133866356,1
Mon Jan 27 17:31:17 2020,133866361,0
Mon Jan 27 17:31:17 2020,133866471,1
Mon Jan 27 17:31:17 2020,133866476,0
Mon Jan 27 17:52:21 2020,1397459399,1
Mon Jan 27 17:52:21 2020,1397459404,0
Mon Jan 27 18:07:32 2020,2308251094,1
Mon Jan 27 18:07:32 2020,2308251099,0
Mon Jan 27 18:07:32 2020,2308251119,1
Mon Jan 27 18:07:32 2020,2308251124,0
Mon Jan 27 18:07:32 2020,2308251164,1
Mon Jan 27 18:07:32 2020,2308251169,0
Mon Jan 27 18:07:32 2020,2308251204,1
Mon Jan 27 18:07:32 2020,2308251209,0
Mon Jan 27 20:03:49 2020,695772752,1
Mon Jan 27 20:03:49 2020,695772757,0
Mon Jan 27 21:50:42 2020,2813892827,1
Mon Jan 27 21:50:42 2020,2813892832,0
Mon Jan 27 22:15:15 2020,4286994105,1
Mon Jan 27 22:15:15 2020,4286994110,0
Mon Jan 27 22:15:15 2020,4286994125,1
Mon Jan 27 22:15:15 2020,4286994135,0
Mon Jan 27 22:17:08 2020,105388716,1
Mon Jan 27 22:17:38 2020,134821175,0
Mon Jan 27 22:21:20 2020,356817012,1
Mon Jan 27 22:21:20 2020,356817017,0
Tue Jan 28 00:26:48 2020,3590298665,1
Tue Jan 28 00:26:48 2020,3590298670,0
Tue Jan 28 05:02:22 2020,2944419247,1
Tue Jan 28 05:02:22 2020,2944419252,0
Tue Jan 28 05:02:22 2020,2944419257,1
Tue Jan 28 05:02:22 2020,2944419262,0
Tue Jan 28 07:19:42 2020,2594690425,1
Tue Jan 28 07:19:42 2020,2594690435,0
Tue Jan 28 07:19:42 2020,2594690440,1
Tue Jan 28 07:19:42 2020,2594690450,0
Tue Jan 28 07:31:28 2020,3300456562,1
Tue Jan 28 07:31:28 2020,3300456567,0
Tue Jan 28 08:42:49 2020,3286978712,1
Tue Jan 28 08:42:49 2020,3286978717,0
Tue Jan 28 08:42:49 2020,3286978752,1
Tue Jan 28 08:42:49 2020,3286978757,0
Tue Jan 28 09:35:12 2020,2134363864,1
Tue Jan 28 09:35:12 2020,2134363869,0
Tue Jan 28 09:35:12 2020,2134367169,1
Tue Jan 28 09:35:12 2020,2134367174,0
Tue Jan 28 09:35:12 2020,2134367179,1
Tue Jan 28 09:35:12 2020,2134367189,0
Tue Jan 28 09:35:12 2020,2134367194,1
Tue Jan 28 09:35:12 2020,2134367199,0
Tue Jan 28 11:48:06 2020,1519093505,1
Tue Jan 28 11:48:06 2020,1519093510,0
Tue Jan 28 13:48:24 2020,146743361,1
Tue Jan 28 14:56:02 2020,4205124562,0
Tue Jan 28 14:56:02 2020,4205186012,1
Tue Jan 28 14:56:25 2020,4228396096,0
Tue Jan 28 15:47:08 2020,2976467542,1
Tue Jan 28 15:47:08 2020,2976467547,0
Tue Jan 28 16:12:33 2020,206250139,1
Tue Jan 28 16:12:33 2020,206250154,0
Tue Jan 28 17:13:28 2020,3861349470,1
Tue Jan 28 17:13:28 2020,3861349475,0
Tue Jan 28 17:13:28 2020,3861349495,1
Tue Jan 28 17:13:28 2020,3861349500,0
Tue Jan 28 17:13:28 2020,3861349505,1
Tue Jan 28 17:13:28 2020,3861349510,0
Tue Jan 28 17:13:28 2020,3861349540,1
Tue Jan 28 17:13:28 2020,3861349545,0
Tue Jan 28 17:13:29 2020,3861628516,1
Tue Jan 28 17:13:29 2020,3861628521,0
Tue Jan 28 17:13:29 2020,3861628546,1
Tue Jan 28 17:13:29 2020,3861628551,0
Tue Jan 28 17:13:29 2020,3861628556,1
Tue Jan 28 17:13:29 2020,3861628561,0
Tue Jan 28 17:13:29 2020,3862539018,1
Tue Jan 28 17:13:50 2020,3882951220,0
Tue Jan 28 18:19:05 2020,3503600469,1
Tue Jan 28 18:19:05 2020,3503600474,0
Tue Jan 28 20:06:02 2020,1330144332,1
Tue Jan 28 20:06:02 2020,1330144337,0
Tue Jan 28 20:29:30 2020,2738071360,1
Tue Jan 28 20:29:30 2020,2738071390,0
Tue Jan 28 22:21:44 2020,882627662,1
Tue Jan 28 22:21:44 2020,882627667,0
Tue Jan 28 22:44:55 2020,2273275367,1
Tue Jan 28 22:44:55 2020,2273275377,0
Wed Jan 29 00:39:23 2020,551869454,1
Wed Jan 29 00:39:23 2020,551869474,0
Wed Jan 29 00:39:23 2020,551869479,1
Wed Jan 29 00:39:23 2020,551869489,0
Wed Jan 29 03:19:17 2020,1555775623,1
Wed Jan 29 03:19:17 2020,1555775628,0
Wed Jan 29 08:06:21 2020,1599745036,1
Wed Jan 29 08:06:21 2020,1599745041,0
Wed Jan 29 08:07:53 2020,1692353691,1
Wed Jan 29 08:07:53 2020,1692353696,0
Wed Jan 29 09:47:53 2020,3397431631,1
Wed Jan 29 09:47:53 2020,3397431636,0
Wed Jan 29 10:10:56 2020,485151774,1
Wed Jan 29 10:10:56 2020,485151779,0
Wed Jan 29 10:10:56 2020,485151784,1
Wed Jan 29 10:10:56 2020,485151789,0
Wed Jan 29 12:22:54 2020,4107738032,1
Wed Jan 29 12:22:54 2020,4107738037,0
Wed Jan 29 12:22:54 2020,4107738082,1
Wed Jan 29 12:22:54 2020,4107738092,0
Wed Jan 29 15:16:44 2020,1653051507,1
Wed Jan 29 15:17:21 2020,1690668192,0
Wed Jan 29 17:45:32 2020,1991188826,1
Wed Jan 29 17:45:32 2020,1991188831,0
Wed Jan 29 17:51:42 2020,2361665674,1
Wed Jan 29 18:33:09 2020,554049888,0
Wed Jan 29 18:33:10 2020,554132918,1
Wed Jan 29 18:33:27 2020,571340302,0
Wed Jan 29 18:34:57 2020,661620570,1
Wed Jan 29 18:34:57 2020,661620575,0
Wed Jan 29 18:34:57 2020,661620580,1
Wed Jan 29 18:34:57 2020,661620585,0
Wed Jan 29 18:34:57 2020,661620645,1
Wed Jan 29 18:34:57 2020,661620650,0
Wed Jan 29 18:34:57 2020,661620680,1
Wed Jan 29 18:34:57 2020,661620685,0
Wed Jan 29 18:34:57 2020,661620700,1
Wed Jan 29 18:34:57 2020,661620710,0
Wed Jan 29 18:34:57 2020,661620715,1
Wed Jan 29 18:34:57 2020,661620720,0
Wed Jan 29 18:34:57 2020,661620750,1
Wed Jan 29 18:34:57 2020,661620755,0
Wed Jan 29 18:34:57 2020,661620775,1
Wed Jan 29 18:34:57 2020,661620785,0
Wed Jan 29 18:34:57 2020,661620790,1
Wed Jan 29 18:34:57 2020,661620795,0
Wed Jan 29 18:34:57 2020,661621025,1
Wed Jan 29 18:34:57 2020,661621030,0
Wed Jan 29 18:41:19 2020,1043240981,1
Wed Jan 29 18:41:19 2020,1043240986,0
Wed Jan 29 18:41:20 2020,1044279274,1
Wed Jan 29 18:41:20 2020,1044279279,0
Wed Jan 29 20:44:25 2020,4135093566,1
Wed Jan 29 20:44:26 2020,4135648982,0
Wed Jan 29 20:44:35 2020,4144518885,1
Wed Jan 29 20:44:35 2020,4145140791,0
Wed Jan 29 20:45:29 2020,4198431236,1
Wed Jan 29 20:45:29 2020,4198806742,0
Wed Jan 29 20:45:32 2020,4201369034,1
Wed Jan 29 20:45:32 2020,4201649019,0
Wed Jan 29 20:45:37 2020,4206223676,1
Wed Jan 29 20:45:37 2020,4206588292,0
Wed Jan 29 20:45:50 2020,4220053201,1
Wed Jan 29 20:45:52 2020,4221567359,0
Wed Jan 29 20:46:40 2020,4270154708,1
Wed Jan 29 20:46:40 2020,4270154713,0
Wed Jan 29 20:46:40 2020,4270154728,1
Wed Jan 29 20:46:40 2020,4270154743,0
Wed Jan 29 20:46:40 2020,4270154748,1
Wed Jan 29 20:46:40 2020,4270154753,0
Wed Jan 29 20:46:40 2020,4270154773,1
Wed Jan 29 20:46:40 2020,4270154788,0
Wed Jan 29 20:46:40 2020,4270154798,1
Wed Jan 29 20:46:40 2020,4270154803,0
Wed Jan 29 20:46:40 2020,4270154848,1
Wed Jan 29 20:46:40 2020,4270154853,0
Wed Jan 29 20:46:40 2020,4270154873,1
Wed Jan 29 20:46:40 2020,4270154878,0
Wed Jan 29 20:46:40 2020,4270154903,1
Wed Jan 29 20:46:40 2020,4270154908,0
Wed Jan 29 20:46:40 2020,4270154913,1
Wed Jan 29 20:46:40 2020,4270154923,0
Wed Jan 29 20:46:40 2020,4270154928,1
Wed Jan 29 20:46:40 2020,4270154938,0
Wed Jan 29 20:46:40 2020,4270154943,1
Wed Jan 29 20:46:40 2020,4270154948,0
Wed Jan 29 20:46:40 2020,4270155008,1
Wed Jan 29 20:46:40 2020,4270155013,0
Wed Jan 29 20:46:40 2020,4270155018,1
Wed Jan 29 20:46:40 2020,4270155033,0
Wed Jan 29 20:46:40 2020,4270155068,1
Wed Jan 29 20:46:40 2020,4270155073,0
Wed Jan 29 20:46:40 2020,4270155103,1
Wed Jan 29 20:46:40 2020,4270155108,0
Wed Jan 29 20:46:40 2020,4270155128,1
Wed Jan 29 20:46:40 2020,4270155143,0
Wed Jan 29 20:46:40 2020,4270155158,1
Wed Jan 29 20:46:40 2020,4270155163,0
Wed Jan 29 20:46:40 2020,4270155173,1
Wed Jan 29 20:46:40 2020,4270155178,0
Wed Jan 29 20:46:40 2020,4270155183,1
Wed Jan 29 20:46:40 2020,4270155188,0
Wed Jan 29 20:46:40 2020,4270155193,1
Wed Jan 29 20:46:40 2020,4270155198,0
Wed Jan 29 20:46:40 2020,4270155243,1
Wed Jan 29 20:46:40 2020,4270155248,0
Wed Jan 29 20:46:40 2020,4270155258,1
Wed Jan 29 20:46:40 2020,4270155263,0
Wed Jan 29 20:46:40 2020,4270155308,1
Wed Jan 29 20:46:40 2020,4270155313,0
Wed Jan 29 20:46:40 2020,4270155323,1
Wed Jan 29 20:46:40 2020,4270155328,0
Wed Jan 29 20:46:40 2020,4270155333,1
Wed Jan 29 20:46:40 2020,4270155338,0
Wed Jan 29 20:46:40 2020,4270155343,1
Wed Jan 29 20:46:40 2020,4270155348,0
Wed Jan 29 20:46:40 2020,4270155373,1
Wed Jan 29 20:46:40 2020,4270155378,0
Wed Jan 29 20:46:40 2020,4270155383,1
Wed Jan 29 20:46:40 2020,4270155388,0
Wed Jan 29 20:46:40 2020,4270155403,1
Wed Jan 29 20:46:40 2020,4270155408,0
Wed Jan 29 20:46:40 2020,4270155413,1
Wed Jan 29 20:46:40 2020,4270155418,0
Wed Jan 29 20:46:40 2020,4270155438,1
Wed Jan 29 20:46:40 2020,4270155453,0
Wed Jan 29 20:46:40 2020,4270155463,1
Wed Jan 29 20:46:40 2020,4270155473,0
Wed Jan 29 20:46:40 2020,4270155483,1
Wed Jan 29 20:46:40 2020,4270155488,0
Wed Jan 29 20:46:40 2020,4270155498,1
Wed Jan 29 20:46:40 2020,4270155508,0
Wed Jan 29 20:46:40 2020,4270155548,1
Wed Jan 29 20:46:40 2020,4270155558,0
Wed Jan 29 20:46:40 2020,4270155573,1
Wed Jan 29 20:46:40 2020,4270155578,0
Wed Jan 29 20:46:40 2020,4270155598,1
Wed Jan 29 20:46:40 2020,4270155603,0
Wed Jan 29 20:46:40 2020,4270155608,1
Wed Jan 29 20:46:40 2020,4270155613,0
Wed Jan 29 20:46:40 2020,4270155628,1
Wed Jan 29 20:46:40 2020,4270155643,0
Wed Jan 29 20:46:40 2020,4270155663,1
Wed Jan 29 20:46:40 2020,4270155668,0
Wed Jan 29 20:46:40 2020,4270155693,1
Wed Jan 29 20:46:40 2020,4270155713,0
Wed Jan 29 20:46:40 2020,4270155728,1
Wed Jan 29 20:46:40 2020,4270155733,0
Wed Jan 29 20:46:40 2020,4270155753,1
Wed Jan 29 20:46:40 2020,4270155758,0
Wed Jan 29 20:46:40 2020,4270155763,1
Wed Jan 29 20:46:40 2020,4270155773,0
Wed Jan 29 20:46:40 2020,4270155778,1
Wed Jan 29 20:46:40 2020,4270155788,0
Wed Jan 29 20:46:40 2020,4270155798,1
Wed Jan 29 20:46:40 2020,4270155803,0
Wed Jan 29 20:46:40 2020,4270155823,1
Wed Jan 29 20:46:40 2020,4270155828,0
Wed Jan 29 20:46:40 2020,4270155833,1
Wed Jan 29 20:46:40 2020,4270155838,0
Wed Jan 29 20:46:40 2020,4270155843,1
Wed Jan 29 20:46:40 2020,4270155848,0
Wed Jan 29 20:46:40 2020,4270155853,1
Wed Jan 29 20:46:40 2020,4270155868,0
Wed Jan 29 20:46:40 2020,4270155883,1
Wed Jan 29 20:46:40 2020,4270155888,0
Wed Jan 29 20:46:40 2020,4270155893,1
Wed Jan 29 20:46:40 2020,4270155903,0
Wed Jan 29 20:46:41 2020,4270155928,1
Wed Jan 29 20:46:41 2020,4270155933,0
Wed Jan 29 20:46:41 2020,4270155953,1
Wed Jan 29 20:46:41 2020,4270155958,0
Wed Jan 29 20:46:41 2020,4270155963,1
Wed Jan 29 20:46:41 2020,4270155968,0
Wed Jan 29 20:46:41 2020,4270155978,1
Wed Jan 29 20:46:41 2020,4270155983,0
Wed Jan 29 20:46:41 2020,4270155993,1
Wed Jan 29 20:46:41 2020,4270156003,0
Wed Jan 29 20:46:41 2020,4270156008,1
Wed Jan 29 20:46:41 2020,4270156013,0
Wed Jan 29 20:46:41 2020,4270156023,1
Wed Jan 29 20:46:41 2020,4270156028,0
Wed Jan 29 20:46:41 2020,4270156043,1
Wed Jan 29 20:46:41 2020,4270156053,0
Wed Jan 29 20:46:41 2020,4270156063,1
Wed Jan 29 20:46:41 2020,4270156073,0
Wed Jan 29 20:46:41 2020,4270156078,1
Wed Jan 29 20:46:41 2020,4270156083,0
Wed Jan 29 20:46:41 2020,4270156108,1
Wed Jan 29 20:46:41 2020,4270156113,0
Wed Jan 29 20:46:41 2020,4270156118,1
Wed Jan 29 20:46:41 2020,4270156123,0
Wed Jan 29 20:46:41 2020,4270156138,1
Wed Jan 29 20:46:41 2020,4270156143,0
Wed Jan 29 20:46:41 2020,4270156148,1
Wed Jan 29 20:46:41 2020,4270156153,0
Wed Jan 29 20:46:41 2020,4270156163,1
Wed Jan 29 20:46:41 2020,4270156179,0
Wed Jan 29 20:46:41 2020,4270156184,1
Wed Jan 29 20:46:41 2020,4270156194,0
Wed Jan 29 20:46:41 2020,4270156204,1
Wed Jan 29 20:46:41 2020,4270156214,0
Wed Jan 29 20:46:41 2020,4270156239,1
Wed Jan 29 20:46:41 2020,4270156249,0
Wed Jan 29 20:46:41 2020,4270156289,1
Wed Jan 29 20:46:41 2020,4270156298,0
Wed Jan 29 20:46:41 2020,4270156308,1
Wed Jan 29 20:46:41 2020,4270156318,0
Wed Jan 29 20:46:41 2020,4270156323,1
Wed Jan 29 20:46:41 2020,4270156338,0
Wed Jan 29 20:46:41 2020,4270156348,1
Wed Jan 29 20:46:41 2020,4270156353,0
Wed Jan 29 20:46:41 2020,4270156363,1
Wed Jan 29 20:46:41 2020,4270156368,0
Wed Jan 29 20:46:41 2020,4270156373,1
Wed Jan 29 20:46:41 2020,4270156383,0
Wed Jan 29 20:46:41 2020,4270156408,1
Wed Jan 29 20:46:41 2020,4270156413,0
Wed Jan 29 20:46:41 2020,4270156433,1
Wed Jan 29 20:46:41 2020,4270156438,0
Wed Jan 29 20:46:41 2020,4270156443,1
Wed Jan 29 20:46:41 2020,4270156448,0
Wed Jan 29 20:46:41 2020,4270156478,1
Wed Jan 29 20:46:41 2020,4270156483,0
Wed Jan 29 20:46:41 2020,4270156528,1
Wed Jan 29 20:46:41 2020,4270156533,0
Wed Jan 29 20:46:41 2020,4270156543,1
Wed Jan 29 20:46:41 2020,4270156548,0
Wed Jan 29 20:46:41 2020,4270156553,1
Wed Jan 29 20:46:41 2020,4270156558,0
Wed Jan 29 20:46:41 2020,4270156563,1
Wed Jan 29 20:46:41 2020,4270156568,0
Wed Jan 29 20:46:41 2020,4270156603,1
Wed Jan 29 20:46:41 2020,4270156608,0
Wed Jan 29 20:46:41 2020,4270156618,1
Wed Jan 29 20:46:41 2020,4270156623,0
Wed Jan 29 20:46:41 2020,4270156683,1
Wed Jan 29 20:46:41 2020,4270156688,0
Wed Jan 29 20:46:41 2020,4270156698,1
Wed Jan 29 20:46:41 2020,4270156703,0
Wed Jan 29 20:46:41 2020,4270156743,1
Wed Jan 29 20:46:41 2020,4270156748,0
Wed Jan 29 20:46:41 2020,4270156758,1
Wed Jan 29 20:46:41 2020,4270156763,0
Wed Jan 29 20:46:41 2020,4270156768,1
Wed Jan 29 20:46:41 2020,4270156773,0
Wed Jan 29 20:46:41 2020,4270156803,1
Wed Jan 29 20:46:41 2020,4270156808,0
Wed Jan 29 20:46:41 2020,4270156818,1
Wed Jan 29 20:46:41 2020,4270156823,0
Wed Jan 29 20:46:41 2020,4270156833,1
Wed Jan 29 20:46:41 2020,4270156838,0
Wed Jan 29 20:46:41 2020,4270156888,1
Wed Jan 29 20:46:41 2020,4270156893,0
Wed Jan 29 20:46:41 2020,4270156938,1
Wed Jan 29 20:46:41 2020,4270156943,0
Wed Jan 29 20:46:41 2020,4270156963,1
Wed Jan 29 20:46:41 2020,4270156968,0
Wed Jan 29 20:46:41 2020,4270156978,1
Wed Jan 29 20:46:41 2020,4270156983,0
Wed Jan 29 20:46:41 2020,4270157003,1
Wed Jan 29 20:46:41 2020,4270157008,0
Wed Jan 29 20:46:41 2020,4270157013,1
Wed Jan 29 20:46:41 2020,4270157023,0
Wed Jan 29 20:46:41 2020,4270157043,1
Wed Jan 29 20:46:41 2020,4270157048,0
Wed Jan 29 20:46:41 2020,4270157068,1
Wed Jan 29 20:46:41 2020,4270157073,0
Wed Jan 29 20:46:41 2020,4270157083,1
Wed Jan 29 20:46:41 2020,4270157088,0
Wed Jan 29 20:46:41 2020,4270157123,1
Wed Jan 29 20:46:41 2020,4270157128,0
Wed Jan 29 20:46:41 2020,4270157133,1
Wed Jan 29 20:46:41 2020,4270157138,0
Wed Jan 29 20:46:41 2020,4270157143,1
Wed Jan 29 20:46:41 2020,4270157148,0
Wed Jan 29 20:46:41 2020,4270157198,1
Wed Jan 29 20:46:41 2020,4270157203,0
Wed Jan 29 20:46:41 2020,4270157328,1
Wed Jan 29 20:46:41 2020,4270157333,0
Wed Jan 29 20:46:41 2020,4270157363,1
Wed Jan 29 20:46:41 2020,4270157368,0
Wed Jan 29 20:46:41 2020,4270157378,1
Wed Jan 29 20:46:41 2020,4270157383,0
Wed Jan 29 20:46:41 2020,4270157403,1
Wed Jan 29 20:46:41 2020,4270157408,0
Wed Jan 29 20:46:41 2020,4270157423,1
Wed Jan 29 20:46:41 2020,4270157428,0
Wed Jan 29 20:46:41 2020,4270157448,1
Wed Jan 29 20:46:41 2020,4270157458,0
Wed Jan 29 20:46:41 2020,4270157478,1
Wed Jan 29 20:46:41 2020,4270157483,0
Wed Jan 29 20:46:41 2020,4270157528,1
Wed Jan 29 20:46:41 2020,4270157533,0
Wed Jan 29 20:46:41 2020,4270157733,1
Wed Jan 29 20:46:41 2020,4270157738,0
Wed Jan 29 20:46:41 2020,4270157748,1
Wed Jan 29 20:46:41 2020,4270157753,0
Wed Jan 29 20:46:41 2020,4270157763,1
Wed Jan 29 20:46:41 2020,4270157768,0
Wed Jan 29 20:46:41 2020,4270157778,1
Wed Jan 29 20:46:41 2020,4270157783,0
Wed Jan 29 20:46:41 2020,4270157828,1
Wed Jan 29 20:46:41 2020,4270157833,0
Wed Jan 29 20:46:41 2020,4270157883,1
Wed Jan 29 20:46:41 2020,4270157888,0
Wed Jan 29 20:46:41 2020,4270157893,1
Wed Jan 29 20:46:41 2020,4270157908,0
Wed Jan 29 20:46:41 2020,4270157953,1
Wed Jan 29 20:46:41 2020,4270157958,0
Wed Jan 29 20:46:41 2020,4270157978,1
Wed Jan 29 20:46:41 2020,4270157983,0
Wed Jan 29 20:46:41 2020,4270157993,1
Wed Jan 29 20:46:41 2020,4270157998,0
Wed Jan 29 20:46:41 2020,4270158013,1
Wed Jan 29 20:46:41 2020,4270158018,0
Wed Jan 29 20:46:41 2020,4270158038,1
Wed Jan 29 20:46:41 2020,4270158043,0
Wed Jan 29 20:46:41 2020,4270158063,1
Wed Jan 29 20:46:41 2020,4270158068,0
Wed Jan 29 20:46:41 2020,4270158083,1
Wed Jan 29 20:46:41 2020,4270158103,0
Wed Jan 29 20:46:41 2020,4270158108,1
Wed Jan 29 20:46:41 2020,4270158118,0
Wed Jan 29 20:46:41 2020,4270158128,1
Wed Jan 29 20:46:41 2020,4270158133,0
Wed Jan 29 20:46:41 2020,4270158163,1
Wed Jan 29 20:46:41 2020,4270158168,0
Wed Jan 29 20:46:41 2020,4270158173,1
Wed Jan 29 20:46:41 2020,4270158178,0
Wed Jan 29 20:46:41 2020,4270158188,1
Wed Jan 29 20:46:41 2020,4270158193,0
Wed Jan 29 20:46:41 2020,4270158208,1
Wed Jan 29 20:46:41 2020,4270158213,0
Wed Jan 29 20:46:41 2020,4270158253,1
Wed Jan 29 20:46:41 2020,4270158263,0
Wed Jan 29 20:46:41 2020,4270158278,1
Wed Jan 29 20:46:41 2020,4270158288,0
Wed Jan 29 20:46:41 2020,4270158318,1
Wed Jan 29 20:46:41 2020,4270158328,0
Wed Jan 29 20:46:41 2020,4270158348,1
Wed Jan 29 20:46:41 2020,4270158353,0
Wed Jan 29 20:46:41 2020,4270158393,1
Wed Jan 29 20:46:41 2020,4270158398,0
Wed Jan 29 20:46:41 2020,4270158563,1
Wed Jan 29 20:46:41 2020,4270158568,0
Wed Jan 29 20:46:41 2020,4270158698,1
Wed Jan 29 20:46:41 2020,4270158703,0
Wed Jan 29 20:46:41 2020,4270159133,1
Wed Jan 29 20:46:41 2020,4270159138,0
Wed Jan 29 20:46:41 2020,4270159173,1
Wed Jan 29 20:46:41 2020,4270159183,0
Wed Jan 29 20:46:41 2020,4270159263,1
Wed Jan 29 20:46:41 2020,4270159268,0
Wed Jan 29 20:46:41 2020,4270159388,1
Wed Jan 29 20:46:41 2020,4270159393,0
Wed Jan 29 20:46:41 2020,4270159473,1
Wed Jan 29 20:46:41 2020,4270159478,0
Wed Jan 29 23:17:58 2020,462679939,1
Wed Jan 29 23:17:58 2020,462679944,0
Thu Jan 30 04:07:38 2020,663443824,1
Thu Jan 30 04:07:38 2020,663443829,0
Thu Jan 30 09:18:39 2020,2143991993,1
Thu Jan 30 09:18:39 2020,2143991998,0
Thu Jan 30 09:18:39 2020,2143992023,1
Thu Jan 30 09:18:39 2020,2143992028,0
Thu Jan 30 09:18:39 2020,2143992048,1
Thu Jan 30 09:18:39 2020,2143992053,0
Thu Jan 30 11:35:45 2020,1780885473,1
Thu Jan 30 11:35:45 2020,1780885478,0
Thu Jan 30 11:35:45 2020,1780885488,1
Thu Jan 30 11:35:45 2020,1780885493,0
